V (m/s),FnL,FnV,RT (N),PE (kW),CT (·10³),CP (·10³),CF (·10³),τ (°),s (mm)
0.000,0.000,0.000,0.000,0.000,NaN,NaN,NaN,0.000,0.000
0.010,0.001,0.004,0.002,0.000,10.19,0.000,10.19,-0.000,0.000
0.020,0.003,0.008,0.007,0.000,8.248,0.000,8.248,-0.000,0.000
0.030,0.004,0.012,0.015,0.000,7.580,0.220,7.359,-0.000,0.001
0.040,0.005,0.016,0.024,0.000,7.171,0.358,6.814,-0.000,0.001
0.050,0.007,0.020,0.037,0.000,6.871,0.440,6.431,-0.000,0.002
0.060,0.008,0.024,0.051,0.000,6.636,0.494,6.142,-0.000,0.002
0.070,0.009,0.028,0.067,0.000,6.444,0.531,5.913,-0.000,0.003
0.080,0.010,0.032,0.086,0.000,6.282,0.558,5.724,-0.000,0.004
0.090,0.012,0.036,0.106,0.000,6.143,0.578,5.565,-0.000,0.005
0.100,0.013,0.041,0.129,0.000,6.022,0.593,5.429,-0.000,0.007
0.110,0.014,0.045,0.153,0.000,5.915,0.605,5.309,-0.000,0.008
0.120,0.016,0.049,0.179,0.000,5.818,0.614,5.204,-0.000,0.010
0.130,0.017,0.053,0.207,0.000,5.731,0.622,5.110,-0.000,0.011
0.140,0.018,0.057,0.236,0.000,5.652,0.627,5.025,-0.000,0.013
0.150,0.020,0.061,0.268,0.000,5.579,0.632,4.947,-0.000,0.015
0.160,0.021,0.065,0.301,0.000,5.512,0.636,4.877,-0.000,0.017
0.170,0.022,0.069,0.336,0.000,5.450,0.639,4.812,-0.000,0.020
0.180,0.024,0.073,0.373,0.000,5.392,0.641,4.752,-0.000,0.022
0.190,0.025,0.077,0.411,0.000,5.338,0.643,4.696,-0.000,0.024
0.200,0.026,0.081,0.451,0.000,5.288,0.644,4.644,-0.000,0.027
0.210,0.027,0.085,0.493,0.000,5.239,0.645,4.594,-0.000,0.030
0.220,0.029,0.089,0.536,0.000,5.194,0.645,4.549,-0.000,0.033
0.230,0.030,0.093,0.582,0.000,5.151,0.646,4.506,-0.000,0.036
0.240,0.031,0.097,0.628,0.000,5.111,0.646,4.465,-0.000,0.039
0.250,0.033,0.101,0.677,0.000,5.072,0.646,4.426,-0.000,0.042
0.260,0.034,0.105,0.726,0.000,5.036,0.646,4.390,-0.000,0.045
0.270,0.035,0.109,0.778,0.000,5.002,0.646,4.356,0.000,0.042
0.280,0.037,0.114,0.831,0.000,4.968,0.646,4.323,0.000,0.046
0.290,0.038,0.118,0.886,0.000,4.936,0.645,4.291,0.000,0.050
0.300,0.039,0.122,0.942,0.000,4.905,0.645,4.260,0.000,0.054
0.310,0.040,0.126,1.000,0.000,4.876,0.644,4.232,0.000,0.058
0.320,0.042,0.130,1.059,0.000,4.847,0.643,4.204,0.000,0.062
0.330,0.043,0.134,1.120,0.000,4.820,0.643,4.177,0.000,0.066
0.340,0.044,0.138,1.183,0.000,4.794,0.642,4.152,0.000,0.071
0.350,0.046,0.142,1.247,0.000,4.768,0.641,4.127,0.000,0.075
0.360,0.047,0.146,1.312,0.000,4.742,0.640,4.103,0.000,0.080
0.370,0.048,0.150,1.379,0.001,4.718,0.639,4.080,0.000,0.085
0.380,0.050,0.154,1.447,0.001,4.695,0.638,4.057,0.000,0.090
0.390,0.051,0.158,1.517,0.001,4.673,0.637,4.036,0.000,0.095
0.400,0.052,0.162,1.589,0.001,4.654,0.637,4.017,0.002,0.080
0.410,0.054,0.166,1.662,0.001,4.634,0.636,3.997,0.002,0.085
0.420,0.055,0.170,1.737,0.001,4.613,0.636,3.978,0.002,0.090
0.430,0.056,0.174,1.812,0.001,4.593,0.634,3.959,0.002,0.096
0.440,0.057,0.178,1.890,0.001,4.574,0.633,3.940,0.002,0.102
0.450,0.059,0.182,1.968,0.001,4.554,0.632,3.922,0.002,0.107
0.460,0.060,0.186,2.048,0.001,4.536,0.631,3.905,0.001,0.113
0.470,0.061,0.191,2.129,0.001,4.517,0.630,3.887,0.001,0.119
0.480,0.063,0.195,2.212,0.001,4.500,0.629,3.871,0.001,0.125
0.490,0.064,0.199,2.297,0.001,4.483,0.628,3.855,0.001,0.132
0.501,0.065,0.203,2.383,0.001,4.467,0.627,3.840,0.001,0.138
0.511,0.067,0.207,2.574,0.001,4.638,0.813,3.825,0.001,0.144
0.521,0.068,0.211,2.663,0.001,4.615,0.805,3.810,0.001,0.151
0.531,0.069,0.215,2.753,0.001,4.593,0.797,3.796,0.001,0.158
0.541,0.071,0.219,2.845,0.002,4.572,0.790,3.782,0.001,0.164
0.551,0.072,0.223,2.938,0.002,4.551,0.783,3.768,0.001,0.171
0.561,0.073,0.227,3.033,0.002,4.531,0.776,3.755,0.001,0.178
0.571,0.074,0.231,3.128,0.002,4.512,0.770,3.742,0.001,0.185
0.581,0.076,0.235,3.226,0.002,4.493,0.764,3.729,0.001,0.192
0.591,0.077,0.239,3.324,0.002,4.475,0.758,3.717,0.001,0.200
0.601,0.078,0.243,3.423,0.002,4.456,0.752,3.704,0.001,0.207
0.611,0.080,0.247,3.525,0.002,4.438,0.747,3.692,0.001,0.214
0.621,0.081,0.251,3.627,0.002,4.422,0.742,3.680,0.001,0.222
0.631,0.082,0.255,3.731,0.002,4.405,0.737,3.669,0.001,0.230
0.641,0.084,0.259,3.837,0.002,4.389,0.732,3.657,0.001,0.237
0.651,0.085,0.264,3.943,0.003,4.373,0.727,3.646,0.001,0.245
0.661,0.086,0.268,4.052,0.003,4.359,0.723,3.635,0.002,0.244
0.671,0.087,0.272,4.161,0.003,4.344,0.719,3.625,0.002,0.252
0.681,0.089,0.276,4.272,0.003,4.329,0.715,3.614,0.002,0.261
0.691,0.090,0.280,4.384,0.003,4.315,0.711,3.604,0.002,0.269
0.701,0.091,0.284,4.496,0.003,4.299,0.707,3.592,0.002,0.277
0.711,0.093,0.288,4.611,0.003,4.286,0.703,3.583,0.002,0.286
0.721,0.094,0.292,4.727,0.003,4.273,0.700,3.573,0.002,0.294
0.731,0.095,0.296,4.845,0.004,4.260,0.696,3.564,0.002,0.303
0.741,0.097,0.300,5.112,0.004,4.375,0.820,3.554,0.001,0.304
0.751,0.098,0.304,5.233,0.004,4.359,0.814,3.545,0.001,0.312
0.761,0.099,0.308,5.354,0.004,4.344,0.807,3.537,0.001,0.321
0.771,0.101,0.312,5.476,0.004,4.328,0.801,3.527,0.001,0.329
0.781,0.102,0.316,5.600,0.004,4.313,0.795,3.519,0.001,0.338
0.791,0.103,0.320,5.726,0.005,4.299,0.789,3.510,0.001,0.347
0.801,0.104,0.324,5.853,0.005,4.285,0.784,3.502,0.001,0.356
0.811,0.106,0.328,5.980,0.005,4.271,0.778,3.493,0.001,0.365
0.821,0.107,0.332,6.112,0.005,4.259,0.773,3.486,-0.000,0.338
0.831,0.108,0.336,6.243,0.005,4.246,0.768,3.478,-0.000,0.347
0.841,0.110,0.341,6.375,0.005,4.234,0.763,3.471,-0.000,0.356
0.851,0.111,0.345,6.507,0.006,4.220,0.758,3.462,0.001,0.352
0.861,0.112,0.349,6.641,0.006,4.208,0.754,3.454,0.001,0.362
0.871,0.114,0.353,6.777,0.006,4.196,0.749,3.446,0.001,0.372
0.881,0.115,0.357,6.915,0.006,4.184,0.745,3.439,0.001,0.381
0.891,0.116,0.361,7.054,0.006,4.173,0.741,3.432,0.001,0.379
0.901,0.118,0.365,7.194,0.006,4.162,0.737,3.425,0.001,0.389
0.911,0.119,0.369,7.335,0.007,4.151,0.733,3.418,0.001,0.398
0.921,0.120,0.373,7.669,0.007,4.246,0.835,3.411,0.001,0.408
0.931,0.121,0.377,7.813,0.007,4.233,0.829,3.404,0.001,0.418
0.941,0.123,0.381,7.958,0.007,4.220,0.823,3.397,0.001,0.428
0.951,0.124,0.385,8.104,0.008,4.208,0.818,3.390,0.001,0.438
0.961,0.125,0.389,8.251,0.008,4.195,0.812,3.383,0.001,0.448
0.971,0.127,0.393,8.400,0.008,4.183,0.807,3.377,0.001,0.458
0.981,0.128,0.397,8.550,0.008,4.172,0.801,3.370,0.001,0.467
0.991,0.129,0.401,8.702,0.009,4.160,0.796,3.364,0.001,0.477
1.001,0.131,0.405,8.854,0.009,4.149,0.791,3.358,0.001,0.487
1.011,0.132,0.409,9.008,0.009,4.138,0.787,3.351,0.001,0.497
1.021,0.133,0.414,9.164,0.009,4.127,0.782,3.345,0.001,0.508
1.031,0.134,0.418,9.320,0.010,4.117,0.777,3.339,0.001,0.518
1.041,0.136,0.422,9.478,0.010,4.106,0.773,3.333,0.001,0.528
1.051,0.137,0.426,9.633,0.010,4.094,0.768,3.326,0.001,0.539
1.061,0.138,0.430,9.793,0.010,4.084,0.764,3.320,0.001,0.549
1.071,0.140,0.434,9.954,0.011,4.074,0.760,3.315,0.001,0.560
1.081,0.141,0.438,10.35,0.011,4.158,0.849,3.309,0.001,0.570
1.091,0.142,0.442,10.51,0.011,4.146,0.843,3.303,0.001,0.581
1.101,0.144,0.446,10.68,0.012,4.135,0.838,3.298,0.001,0.591
1.111,0.145,0.450,10.85,0.012,4.125,0.832,3.292,0.000,0.588
1.121,0.146,0.454,11.01,0.012,4.114,0.827,3.287,0.000,0.599
1.131,0.148,0.458,11.18,0.013,4.103,0.822,3.281,0.000,0.609
1.141,0.149,0.462,11.35,0.013,4.093,0.817,3.276,0.000,0.620
1.151,0.150,0.466,11.52,0.013,4.083,0.812,3.271,0.000,0.630
1.161,0.151,0.470,11.70,0.014,4.073,0.808,3.265,0.002,0.611
1.171,0.153,0.474,11.87,0.014,4.063,0.803,3.260,0.002,0.622
1.181,0.154,0.478,12.04,0.014,4.053,0.799,3.255,0.002,0.632
1.191,0.155,0.482,12.22,0.015,4.044,0.794,3.250,0.002,0.643
1.201,0.157,0.486,12.40,0.015,4.034,0.790,3.245,0.002,0.654
1.211,0.158,0.491,12.58,0.015,4.025,0.786,3.240,0.002,0.665
1.221,0.159,0.495,12.76,0.016,4.016,0.781,3.235,0.002,0.676
1.231,0.161,0.499,12.94,0.016,4.007,0.777,3.230,0.002,0.686
1.241,0.162,0.503,13.12,0.016,3.999,0.773,3.225,0.002,0.697
1.251,0.163,0.507,13.30,0.017,3.990,0.770,3.220,0.002,0.708
1.261,0.165,0.511,13.49,0.017,3.981,0.766,3.216,0.002,0.719
1.271,0.166,0.515,13.68,0.017,3.973,0.762,3.211,0.002,0.730
1.281,0.167,0.519,13.86,0.018,3.965,0.758,3.206,0.002,0.741
1.291,0.168,0.523,14.05,0.018,3.957,0.755,3.202,0.002,0.752
1.301,0.170,0.527,14.24,0.019,3.949,0.751,3.197,0.002,0.762
1.311,0.171,0.531,14.43,0.019,3.941,0.748,3.193,0.002,0.773
1.321,0.172,0.535,14.62,0.019,3.933,0.745,3.188,0.002,0.784
1.331,0.174,0.539,14.82,0.020,3.926,0.742,3.184,0.002,0.795
1.341,0.175,0.543,15.01,0.020,3.918,0.739,3.179,0.002,0.806
1.351,0.176,0.547,15.21,0.021,3.910,0.736,3.174,0.002,0.817
1.361,0.178,0.551,15.41,0.021,3.903,0.733,3.170,0.002,0.827
1.371,0.179,0.555,15.60,0.021,3.896,0.730,3.166,0.002,0.838
1.381,0.180,0.559,15.81,0.022,3.889,0.727,3.161,0.002,0.849
1.391,0.181,0.564,16.01,0.022,3.882,0.725,3.157,0.002,0.860
1.401,0.183,0.568,16.21,0.023,3.876,0.723,3.153,0.002,0.871
1.411,0.184,0.572,16.42,0.023,3.871,0.722,3.149,0.002,0.881
1.421,0.185,0.576,16.64,0.024,3.866,0.721,3.145,0.002,0.892
1.431,0.187,0.580,16.86,0.024,3.863,0.721,3.142,-0.002,0.797
1.441,0.188,0.584,17.08,0.025,3.861,0.722,3.139,-0.007,0.692
1.451,0.189,0.588,17.31,0.025,3.858,0.721,3.137,-0.010,0.644
1.461,0.191,0.592,17.53,0.026,3.853,0.720,3.134,-0.013,0.586
1.471,0.192,0.596,17.73,0.026,3.845,0.714,3.130,-0.014,0.585
1.481,0.193,0.600,17.95,0.027,3.840,0.713,3.127,-0.018,0.544
1.491,0.195,0.604,18.17,0.027,3.835,0.711,3.125,-0.021,0.502
1.502,0.196,0.608,18.37,0.028,3.827,0.706,3.120,-0.022,0.483
1.512,0.197,0.612,18.59,0.028,3.820,0.703,3.117,-0.023,0.498
1.522,0.198,0.616,18.81,0.029,3.814,0.700,3.114,-0.026,0.456
1.532,0.200,0.620,19.01,0.029,3.806,0.697,3.109,-0.027,0.468
1.542,0.201,0.624,19.23,0.030,3.799,0.693,3.106,-0.030,0.418
1.552,0.202,0.628,19.45,0.030,3.794,0.691,3.103,-0.033,0.366
1.562,0.204,0.632,19.68,0.031,3.789,0.689,3.100,-0.033,0.364
1.572,0.205,0.636,19.91,0.031,3.785,0.688,3.097,-0.036,0.313
1.582,0.206,0.641,20.14,0.032,3.781,0.687,3.094,-0.037,0.318
1.592,0.208,0.645,20.39,0.032,3.778,0.688,3.091,-0.040,0.271
1.602,0.209,0.649,20.64,0.033,3.777,0.689,3.088,-0.041,0.269
1.612,0.210,0.653,20.95,0.034,3.787,0.693,3.094,-0.045,0.216
1.622,0.212,0.657,21.22,0.034,3.788,0.697,3.092,-0.045,0.193
1.632,0.213,0.661,21.48,0.035,3.788,0.699,3.088,-0.047,0.142
1.642,0.214,0.665,21.74,0.036,3.788,0.703,3.085,-0.048,0.132
1.652,0.215,0.669,22.02,0.036,3.790,0.708,3.082,-0.050,0.056
1.662,0.217,0.673,22.29,0.037,3.790,0.711,3.079,-0.051,0.044
1.672,0.218,0.677,22.56,0.038,3.790,0.715,3.075,-0.053,-0.010
1.682,0.219,0.681,22.83,0.038,3.791,0.719,3.072,-0.054,-0.024
1.692,0.221,0.685,23.11,0.039,3.792,0.723,3.069,-0.044,0.153
1.702,0.222,0.689,23.39,0.040,3.792,0.726,3.066,-0.045,0.142
1.712,0.223,0.693,23.67,0.041,3.793,0.729,3.064,-0.048,0.070
1.722,0.225,0.697,23.94,0.041,3.791,0.731,3.060,-0.049,0.069
1.732,0.226,0.701,24.18,0.042,3.786,0.729,3.056,-0.052,0.004
1.742,0.227,0.705,24.45,0.043,3.783,0.730,3.053,-0.054,-0.004
1.752,0.228,0.709,24.71,0.043,3.781,0.730,3.051,-0.058,-0.061
1.762,0.230,0.714,24.97,0.044,3.777,0.729,3.047,-0.061,-0.065
1.772,0.231,0.718,25.21,0.045,3.771,0.727,3.044,-0.063,-0.067
1.782,0.232,0.722,25.47,0.045,3.766,0.726,3.040,-0.068,-0.114
1.792,0.234,0.726,25.72,0.046,3.761,0.724,3.037,-0.069,-0.119
1.802,0.235,0.730,25.98,0.047,3.758,0.723,3.034,-0.074,-0.165
1.812,0.236,0.734,26.21,0.047,3.749,0.719,3.030,-0.077,-0.167
1.822,0.238,0.738,26.49,0.048,3.747,0.718,3.030,-0.081,-0.246
1.832,0.239,0.742,26.75,0.049,3.744,0.717,3.026,-0.084,-0.242
1.842,0.240,0.746,27.00,0.050,3.737,0.712,3.025,-0.089,-0.309
1.852,0.242,0.750,27.24,0.050,3.730,0.710,3.020,-0.093,-0.300
1.862,0.243,0.754,27.51,0.051,3.726,0.709,3.018,-0.098,-0.332
1.872,0.244,0.758,27.78,0.052,3.722,0.708,3.015,-0.101,-0.366
1.882,0.245,0.762,28.04,0.053,3.718,0.706,3.012,-0.105,-0.370
1.892,0.247,0.766,28.29,0.054,3.712,0.704,3.007,-0.110,-0.374
1.902,0.248,0.770,28.56,0.054,3.707,0.703,3.004,-0.112,-0.374
1.912,0.249,0.774,28.87,0.055,3.708,0.704,3.004,-0.118,-0.438
1.922,0.251,0.778,29.13,0.056,3.703,0.703,3.000,-0.121,-0.458
1.932,0.252,0.782,29.64,0.057,3.728,0.709,3.020,-0.122,-0.528
1.942,0.253,0.786,29.92,0.058,3.726,0.709,3.017,-0.126,-0.558
1.952,0.255,0.791,30.19,0.059,3.721,0.707,3.014,-0.130,-0.647
1.962,0.256,0.795,30.47,0.060,3.717,0.706,3.011,-0.134,-0.679
1.972,0.257,0.799,30.76,0.061,3.714,0.706,3.008,-0.136,-0.717
1.982,0.259,0.803,31.07,0.062,3.713,0.708,3.006,-0.139,-0.776
1.992,0.260,0.807,31.34,0.062,3.709,0.706,3.003,-0.142,-0.819
2.002,0.261,0.811,31.59,0.063,3.701,0.698,3.003,-0.146,-0.907
2.012,0.262,0.815,31.91,0.064,3.701,0.699,3.002,-0.148,-0.950
2.022,0.264,0.819,32.22,0.065,3.700,0.700,3.000,-0.152,-1.040
2.032,0.265,0.823,32.52,0.066,3.698,0.700,2.999,-0.154,-1.091
2.042,0.266,0.827,32.81,0.067,3.695,0.699,2.996,-0.157,-1.180
2.052,0.268,0.831,33.12,0.068,3.693,0.699,2.994,-0.159,-1.227
2.062,0.269,0.835,33.41,0.069,3.689,0.698,2.991,-0.158,-1.257
2.072,0.270,0.839,33.73,0.070,3.689,0.698,2.991,-0.161,-1.302
2.082,0.272,0.843,34.04,0.071,3.687,0.707,2.980,-0.134,-0.724
2.092,0.273,0.847,34.35,0.072,3.685,0.706,2.978,-0.136,-0.784
2.102,0.274,0.851,34.65,0.073,3.682,0.706,2.976,-0.139,-0.830
2.112,0.276,0.855,34.97,0.074,3.680,0.706,2.974,-0.142,-0.888
2.122,0.277,0.859,35.18,0.075,3.668,0.694,2.974,-0.143,-0.940
2.132,0.278,0.864,35.50,0.076,3.667,0.693,2.973,-0.147,-1.006
2.142,0.279,0.868,35.80,0.077,3.663,0.693,2.971,-0.150,-1.039
2.152,0.281,0.872,36.12,0.078,3.661,0.692,2.969,-0.154,-1.112
2.162,0.282,0.876,36.43,0.079,3.658,0.692,2.966,-0.157,-1.146
2.172,0.283,0.880,36.74,0.080,3.656,0.692,2.964,-0.161,-1.217
2.182,0.285,0.884,37.08,0.081,3.656,0.693,2.963,-0.164,-1.247
2.192,0.286,0.888,37.40,0.082,3.654,0.694,2.961,-0.167,-1.209
2.202,0.287,0.892,37.73,0.083,3.652,0.694,2.959,-0.170,-1.245
2.212,0.289,0.896,38.06,0.084,3.652,0.695,2.957,-0.174,-1.288
2.222,0.290,0.900,38.36,0.085,3.648,0.695,2.952,-0.179,-1.336
2.232,0.291,0.904,38.78,0.087,3.654,0.700,2.954,-0.183,-1.347
2.242,0.292,0.908,39.14,0.088,3.655,0.702,2.952,-0.187,-1.392
2.252,0.294,0.912,39.53,0.089,3.659,0.708,2.951,-0.192,-1.427
2.262,0.295,0.916,39.86,0.090,3.657,0.710,2.947,-0.196,-1.493
2.272,0.296,0.920,40.26,0.091,3.661,0.716,2.945,-0.200,-1.577
2.282,0.298,0.924,40.66,0.093,3.665,0.721,2.944,-0.204,-1.662
2.292,0.299,0.928,41.08,0.094,3.670,0.725,2.945,-0.208,-1.677
2.302,0.300,0.932,41.48,0.095,3.674,0.731,2.943,-0.212,-1.761
2.312,0.302,0.936,41.88,0.097,3.677,0.737,2.941,-0.216,-1.801
2.322,0.303,0.941,42.28,0.098,3.681,0.742,2.939,-0.221,-1.870
2.332,0.304,0.945,42.69,0.100,3.684,0.747,2.937,-0.226,-1.967
2.342,0.306,0.949,43.15,0.101,3.692,0.755,2.938,-0.232,-2.042
2.352,0.307,0.953,43.61,0.103,3.700,0.765,2.935,-0.232,-2.039
2.362,0.308,0.957,44.08,0.104,3.708,0.775,2.933,-0.237,-2.110
2.372,0.309,0.961,44.53,0.106,3.715,0.784,2.931,-0.242,-2.183
2.382,0.311,0.965,44.92,0.107,3.716,0.787,2.929,-0.246,-2.277
2.392,0.312,0.969,45.70,0.109,3.749,0.810,2.939,-0.249,-2.367
2.402,0.313,0.973,46.21,0.111,3.759,0.822,2.937,-0.253,-2.457
2.412,0.315,0.977,46.78,0.113,3.774,0.837,2.937,-0.256,-2.555
2.422,0.316,0.981,47.31,0.115,3.786,0.850,2.936,-0.260,-2.660
2.432,0.317,0.985,47.84,0.116,3.796,0.860,2.937,-0.264,-2.773
2.442,0.319,0.989,48.45,0.118,3.813,0.878,2.936,-0.266,-2.906
2.452,0.320,0.993,48.88,0.120,3.816,0.882,2.934,-0.263,-2.965
2.462,0.321,0.997,49.54,0.122,3.836,0.903,2.933,-0.264,-3.103
2.472,0.323,1.001,50.18,0.124,3.854,0.922,2.932,-0.268,-3.190
2.482,0.324,1.005,50.63,0.126,3.858,0.926,2.931,-0.270,-3.346
2.492,0.325,1.009,51.22,0.128,3.871,0.941,2.931,-0.272,-3.491
2.503,0.326,1.014,51.86,0.130,3.888,0.957,2.931,-0.274,-3.658
2.513,0.328,1.018,52.48,0.132,3.903,0.973,2.930,-0.277,-3.778
2.523,0.329,1.022,53.12,0.134,3.920,0.991,2.929,-0.277,-3.956
2.533,0.330,1.026,53.66,0.136,3.928,1.000,2.928,-0.275,-4.097
2.543,0.332,1.030,54.39,0.138,3.950,1.021,2.929,-0.268,-4.239
2.553,0.333,1.034,55.11,0.141,3.971,1.041,2.930,-0.265,-4.371
2.563,0.334,1.038,55.83,0.143,3.992,1.061,2.931,-0.264,-4.601
2.573,0.336,1.042,56.55,0.145,4.012,1.077,2.935,-0.262,-4.857
2.583,0.337,1.046,57.33,0.148,4.036,1.101,2.934,-0.259,-5.046
2.593,0.338,1.050,58.08,0.151,4.057,1.122,2.936,-0.256,-5.268
2.603,0.339,1.054,58.72,0.153,4.070,1.135,2.936,-0.253,-5.496
2.613,0.341,1.058,59.55,0.156,4.097,1.159,2.938,-0.255,-5.689
2.623,0.342,1.062,60.43,0.158,4.125,1.185,2.940,-0.248,-5.966
2.633,0.343,1.066,61.26,0.161,4.150,1.210,2.940,-0.242,-6.206
2.643,0.345,1.070,62.04,0.164,4.171,1.228,2.943,-0.237,-6.472
2.653,0.346,1.074,62.76,0.166,4.188,1.245,2.943,-0.234,-6.662
2.663,0.347,1.078,63.46,0.169,4.203,1.259,2.944,-0.229,-6.902
2.673,0.349,1.082,64.27,0.172,4.225,1.279,2.945,-0.221,-7.076
2.683,0.350,1.086,65.15,0.175,4.250,1.300,2.950,-0.221,-7.315
2.693,0.351,1.091,65.99,0.178,4.273,1.324,2.949,-0.211,-7.558
2.703,0.353,1.095,66.82,0.181,4.295,1.343,2.952,-0.202,-7.860
2.713,0.354,1.099,67.57,0.183,4.311,1.357,2.955,-0.196,-8.109
2.723,0.355,1.103,68.42,0.186,4.333,1.373,2.961,-0.190,-8.413
2.733,0.356,1.107,69.65,0.190,4.379,1.415,2.964,-0.181,-8.722
2.743,0.358,1.111,70.41,0.193,4.395,1.431,2.964,-0.174,-8.961
2.753,0.359,1.115,71.13,0.196,4.407,1.442,2.965,-0.167,-9.242
2.763,0.360,1.119,71.97,0.199,4.427,1.460,2.967,-0.161,-9.561
2.773,0.362,1.123,72.72,0.202,4.441,1.472,2.969,-0.153,-9.839
2.783,0.363,1.127,73.56,0.205,4.460,1.491,2.969,-0.146,-10.01
2.793,0.364,1.131,74.41,0.208,4.479,1.511,2.968,-0.136,-10.30
2.803,0.366,1.135,75.02,0.210,4.484,1.515,2.969,-0.128,-10.31
2.813,0.367,1.139,75.96,0.214,4.508,1.536,2.971,-0.117,-10.60
2.823,0.368,1.143,76.87,0.217,4.530,1.557,2.973,-0.107,-10.89
2.833,0.370,1.147,77.59,0.220,4.540,1.567,2.973,-0.099,-11.14
2.843,0.371,1.151,78.32,0.223,4.550,1.578,2.972,-0.086,-11.47
2.853,0.372,1.155,79.34,0.226,4.577,1.601,2.976,-0.075,-11.76
2.863,0.373,1.159,79.85,0.229,4.574,1.597,2.977,-0.071,-12.07
2.873,0.375,1.164,80.58,0.232,4.584,1.607,2.977,-0.062,-12.35
2.883,0.376,1.168,81.28,0.234,4.592,1.614,2.978,-0.043,-12.65
2.893,0.377,1.172,82.11,0.238,4.607,1.629,2.978,-0.032,-12.86
2.903,0.379,1.176,83.18,0.241,4.635,1.656,2.979,-0.020,-13.08
2.913,0.380,1.180,84.22,0.245,4.660,1.675,2.985,-0.007,-13.36
2.923,0.381,1.184,84.93,0.248,4.667,1.682,2.985,0.005,-13.66
2.933,0.383,1.188,85.67,0.251,4.676,1.691,2.985,0.019,-13.96
2.943,0.384,1.192,86.49,0.255,4.689,1.704,2.985,0.032,-14.26
2.953,0.385,1.196,87.18,0.257,4.694,1.709,2.985,0.039,-14.59
2.963,0.386,1.200,88.12,0.261,4.713,1.722,2.991,0.054,-14.72
2.973,0.388,1.204,88.81,0.264,4.718,1.733,2.984,0.062,-14.86
2.983,0.389,1.208,89.44,0.267,4.719,1.734,2.985,0.076,-15.16
2.993,0.390,1.212,90.34,0.270,4.735,1.750,2.985,0.089,-15.49
3.003,0.392,1.216,90.98,0.273,4.737,1.758,2.979,0.102,-15.77
3.013,0.393,1.220,91.63,0.276,4.739,1.760,2.979,0.116,-16.03
3.023,0.394,1.224,91.62,0.277,4.707,1.729,2.978,0.131,-16.29
3.033,0.396,1.228,92.59,0.281,4.726,1.745,2.980,0.142,-16.38
3.043,0.397,1.232,93.35,0.284,4.733,1.753,2.980,0.156,-16.59
3.053,0.398,1.236,88.03,0.269,4.434,1.453,2.981,0.169,-16.86
3.063,0.400,1.241,88.88,0.272,4.448,1.464,2.984,0.174,-16.96
3.073,0.401,1.245,89.63,0.275,4.456,1.472,2.984,0.185,-17.17
3.083,0.402,1.249,90.56,0.279,4.473,1.489,2.985,0.201,-17.45
3.093,0.403,1.253,96.99,0.300,4.760,1.776,2.984,0.206,-17.62
3.103,0.405,1.257,98.20,0.305,4.788,1.810,2.979,0.227,-17.87
3.113,0.406,1.261,98.44,0.306,4.769,1.790,2.979,0.243,-18.15
3.123,0.407,1.265,99.19,0.310,4.775,1.797,2.978,0.252,-18.45
3.133,0.409,1.269,99.92,0.313,4.779,1.802,2.977,0.265,-18.68
3.143,0.410,1.273,101.0,0.317,4.800,1.826,2.974,0.281,-19.04
3.153,0.411,1.277,95.73,0.302,4.521,1.549,2.972,0.295,-19.26
3.163,0.413,1.281,96.42,0.305,4.525,1.553,2.971,0.290,-19.44
3.173,0.414,1.285,103.0,0.327,4.805,1.836,2.969,0.301,-19.77
3.183,0.415,1.289,103.7,0.330,4.807,1.839,2.968,0.300,-20.04
3.193,0.417,1.293,104.1,0.332,4.794,1.829,2.965,0.313,-20.31
3.203,0.418,1.297,104.1,0.333,4.763,1.800,2.963,0.320,-20.72
3.213,0.419,1.301,105.5,0.339,4.796,1.819,2.976,0.333,-20.84
3.223,0.420,1.305,106.1,0.342,4.797,1.824,2.973,0.343,-20.65
3.233,0.422,1.309,106.6,0.345,4.790,1.818,2.972,0.357,-20.86
3.243,0.423,1.314,107.5,0.349,4.798,1.822,2.975,0.369,-21.07
3.253,0.424,1.318,108.9,0.354,4.832,1.838,2.994,0.384,-21.35
3.263,0.426,1.322,111.3,0.363,4.905,1.885,3.020,0.403,-21.59
3.273,0.427,1.326,111.9,0.366,4.904,1.879,3.025,0.414,-21.78
3.283,0.428,1.330,113.0,0.371,4.923,1.894,3.029,0.421,-21.89
3.293,0.430,1.334,113.7,0.374,4.922,1.894,3.028,0.445,-22.10
3.303,0.431,1.338,114.5,0.378,4.928,1.891,3.036,0.456,-22.36
3.313,0.432,1.342,115.4,0.382,4.937,1.899,3.038,0.468,-22.58
3.323,0.433,1.346,115.9,0.385,4.925,1.889,3.036,0.483,-22.84
3.333,0.435,1.350,117.3,0.391,4.958,1.910,3.049,0.494,-23.03
3.343,0.436,1.354,118.3,0.396,4.971,1.916,3.055,0.508,-23.23
3.353,0.437,1.358,118.9,0.399,4.965,1.911,3.054,0.519,-23.48
3.363,0.439,1.362,119.8,0.403,4.974,1.919,3.055,0.536,-23.66
3.373,0.440,1.366,120.7,0.407,4.982,1.921,3.060,0.547,-23.86
3.383,0.441,1.370,121.2,0.410,4.971,1.913,3.058,0.563,-24.07
3.393,0.443,1.374,122.2,0.415,4.981,1.924,3.057,0.579,-24.33
3.403,0.444,1.378,123.3,0.420,4.998,1.936,3.063,0.592,-24.56
3.413,0.445,1.382,123.8,0.423,4.989,1.927,3.062,0.606,-24.74
3.423,0.447,1.386,124.8,0.427,5.000,1.937,3.063,0.621,-24.97
3.433,0.448,1.391,125.5,0.431,4.997,1.934,3.062,0.634,-25.17
3.443,0.449,1.395,126.1,0.434,4.995,1.934,3.061,0.655,-25.36
3.453,0.450,1.399,127.4,0.440,5.014,1.949,3.065,0.671,-25.61
3.463,0.452,1.403,128.3,0.444,5.022,1.957,3.064,0.682,-25.78
3.473,0.453,1.407,128.9,0.448,5.017,1.954,3.063,0.680,-25.76
3.483,0.454,1.411,129.5,0.451,5.011,1.950,3.061,0.666,-25.62
3.493,0.456,1.415,130.1,0.455,5.007,1.947,3.059,0.666,-25.58
3.504,0.457,1.419,130.3,0.457,4.985,1.933,3.052,0.660,-25.48
3.514,0.458,1.423,131.5,0.462,5.000,1.943,3.057,0.677,-25.75
3.524,0.460,1.427,132.3,0.466,5.003,1.947,3.056,0.680,-25.78
3.534,0.461,1.431,132.7,0.469,4.992,1.939,3.053,0.660,-25.48
3.544,0.462,1.435,133.4,0.473,4.990,1.937,3.052,0.669,-25.61
3.554,0.464,1.439,133.4,0.474,4.961,1.917,3.044,0.663,-25.43
3.564,0.465,1.443,134.1,0.478,4.960,1.917,3.043,0.666,-25.46
3.574,0.466,1.447,134.7,0.482,4.954,1.913,3.041,0.669,-25.40
3.584,0.467,1.451,135.9,0.487,4.969,1.923,3.046,0.678,-25.56
3.594,0.469,1.455,135.9,0.488,4.940,1.903,3.037,0.663,-25.13
3.604,0.470,1.459,136.6,0.492,4.939,1.902,3.036,0.673,-25.27
3.614,0.471,1.464,137.9,0.498,4.959,1.918,3.042,0.684,-25.43
3.624,0.473,1.468,138.6,0.502,4.955,1.914,3.041,0.696,-25.43
3.634,0.474,1.472,139.2,0.506,4.951,1.911,3.040,0.679,-25.73
3.644,0.475,1.476,140.2,0.511,4.958,1.919,3.039,0.697,-25.78
3.654,0.477,1.480,140.7,0.514,4.947,1.908,3.039,0.709,-25.84
3.664,0.478,1.484,141.6,0.519,4.954,1.900,3.054,0.727,-25.86
3.674,0.479,1.488,142.5,0.523,4.956,1.904,3.052,0.739,-25.93
3.684,0.480,1.492,142.7,0.526,4.938,1.882,3.056,0.726,-26.28
3.694,0.482,1.496,143.4,0.530,4.936,1.885,3.051,0.748,-26.08
3.704,0.483,1.500,143.9,0.533,4.925,1.876,3.049,0.756,-26.17
3.714,0.484,1.504,144.8,0.538,4.931,1.884,3.047,0.766,-26.28
3.724,0.486,1.508,145.6,0.542,4.930,1.885,3.045,0.764,-26.09
3.734,0.487,1.512,146.3,0.546,4.926,1.884,3.042,0.775,-26.22
3.744,0.488,1.516,146.9,0.550,4.920,1.879,3.041,0.778,-26.19
3.754,0.490,1.520,147.3,0.553,4.908,1.868,3.040,0.785,-26.28
3.764,0.491,1.524,148.3,0.558,4.916,1.878,3.038,0.792,-26.35
3.774,0.492,1.528,149.0,0.562,4.911,1.873,3.038,0.801,-26.46
3.784,0.494,1.532,149.6,0.566,4.906,1.870,3.036,0.807,-26.53
3.794,0.495,1.536,149.2,0.566,4.868,1.849,3.019,0.815,-26.60
3.804,0.496,1.541,150.0,0.571,4.868,1.851,3.017,0.821,-26.67
3.814,0.497,1.545,151.1,0.576,4.877,1.853,3.024,0.827,-26.76
3.824,0.499,1.549,150.4,0.575,4.828,1.805,3.024,0.835,-26.82
3.834,0.500,1.553,151.0,0.579,4.825,1.803,3.022,0.842,-26.89
3.844,0.501,1.557,153.7,0.591,4.883,1.862,3.021,0.852,-26.98
3.854,0.503,1.561,152.7,0.588,4.827,1.808,3.019,0.872,-27.00
3.864,0.504,1.565,153.9,0.595,4.841,1.821,3.021,0.877,-27.12
3.874,0.505,1.569,154.5,0.599,4.835,1.816,3.020,0.884,-27.19
3.884,0.507,1.573,156.7,0.608,4.876,1.857,3.019,0.889,-27.29
3.894,0.508,1.577,157.9,0.615,4.890,1.864,3.026,0.900,-27.46
3.904,0.509,1.581,157.1,0.613,4.839,1.814,3.025,0.907,-27.53
3.914,0.511,1.585,158.9,0.622,4.869,1.859,3.010,0.900,-26.94
3.924,0.512,1.589,158.0,0.620,4.817,1.809,3.007,0.910,-26.96
3.934,0.513,1.593,158.8,0.625,4.817,1.809,3.007,0.916,-27.08
3.944,0.514,1.597,159.4,0.629,4.812,1.807,3.004,0.921,-27.05
3.954,0.516,1.601,160.1,0.633,4.808,1.805,3.004,0.927,-27.16
3.964,0.517,1.605,160.7,0.637,4.802,1.791,3.011,0.940,-27.15
3.974,0.518,1.609,161.4,0.642,4.799,1.790,3.010,0.944,-27.16
3.984,0.520,1.614,164.1,0.654,4.854,1.845,3.009,0.952,-27.24
3.994,0.521,1.618,164.3,0.656,4.835,1.829,3.006,0.967,-27.14
4.004,0.522,1.622,165.4,0.662,4.843,1.839,3.005,0.973,-27.14
4.014,0.524,1.626,165.9,0.666,4.836,1.834,3.001,0.973,-26.82
4.024,0.525,1.630,166.6,0.671,4.832,1.833,2.999,0.975,-26.75
4.034,0.526,1.634,167.2,0.675,4.825,1.830,2.995,0.986,-26.86
4.044,0.527,1.638,168.1,0.680,4.826,1.832,2.994,0.999,-26.89
4.054,0.529,1.642,168.6,0.683,4.816,1.823,2.993,1.006,-26.98
4.064,0.530,1.646,169.7,0.690,4.825,1.834,2.991,1.010,-27.00
4.074,0.531,1.650,170.1,0.693,4.811,1.813,2.998,1.022,-26.92
4.084,0.533,1.654,170.8,0.698,4.808,1.811,2.996,1.027,-27.00
4.094,0.534,1.658,171.4,0.702,4.800,1.807,2.993,1.033,-27.07
4.104,0.535,1.662,173.0,0.710,4.821,1.827,2.994,1.043,-27.11
4.114,0.537,1.666,173.0,0.712,4.800,1.808,2.993,1.048,-27.17
4.124,0.538,1.670,173.8,0.717,4.798,1.808,2.991,1.054,-27.11
4.134,0.539,1.674,174.9,0.723,4.805,1.817,2.988,1.062,-27.18
4.144,0.541,1.678,175.0,0.725,4.784,1.800,2.984,1.086,-27.07
4.154,0.542,1.682,175.8,0.730,4.784,1.802,2.981,1.094,-27.10
4.164,0.543,1.686,177.1,0.737,4.795,1.816,2.979,1.102,-27.16
4.174,0.544,1.691,177.7,0.742,4.788,1.810,2.978,1.108,-27.24
4.184,0.546,1.695,178.1,0.745,4.777,1.801,2.976,1.111,-27.25
4.194,0.547,1.699,179.0,0.751,4.778,1.804,2.974,1.116,-27.10
4.204,0.548,1.703,179.7,0.755,4.773,1.801,2.973,1.121,-27.15
4.214,0.550,1.707,180.1,0.759,4.762,1.790,2.972,1.127,-27.18
4.224,0.551,1.711,181.5,0.767,4.775,1.804,2.970,1.134,-27.25
4.234,0.552,1.715,181.8,0.770,4.761,1.792,2.969,1.140,-27.28
4.244,0.554,1.719,182.1,0.773,4.747,1.780,2.968,1.146,-27.31
4.254,0.555,1.723,182.8,0.778,4.741,1.776,2.966,1.152,-27.37
4.264,0.556,1.727,183.9,0.784,4.747,1.785,2.962,1.155,-27.05
4.274,0.558,1.731,184.2,0.787,4.734,1.764,2.970,1.164,-27.11
4.284,0.559,1.735,185.3,0.794,4.740,1.771,2.969,1.170,-27.15
4.294,0.560,1.739,185.9,0.798,4.732,1.768,2.964,1.175,-27.21
4.304,0.561,1.743,186.4,0.802,4.724,1.760,2.964,1.181,-27.25
4.314,0.563,1.747,187.6,0.809,4.733,1.769,2.964,1.187,-27.29
4.324,0.564,1.751,188.4,0.815,4.732,1.769,2.963,1.196,-27.38
4.334,0.565,1.755,189.0,0.819,4.724,1.763,2.961,1.208,-27.46
4.344,0.567,1.759,190.5,0.828,4.739,1.777,2.962,1.213,-27.52
4.354,0.568,1.764,191.1,0.832,4.733,1.773,2.960,1.217,-27.55
4.364,0.569,1.768,191.9,0.837,4.730,1.772,2.958,1.240,-27.49
4.374,0.571,1.772,192.5,0.842,4.725,1.768,2.957,1.246,-27.54
4.384,0.572,1.776,194.0,0.850,4.738,1.780,2.957,1.252,-27.93
4.394,0.573,1.780,194.4,0.854,4.726,1.770,2.956,1.259,-27.98
4.404,0.575,1.784,194.7,0.858,4.713,1.757,2.956,1.266,-28.09
4.414,0.576,1.788,196.1,0.866,4.725,1.761,2.964,1.272,-28.14
4.424,0.577,1.792,196.8,0.871,4.721,1.763,2.959,1.276,-27.88
4.434,0.578,1.796,197.6,0.876,4.718,1.762,2.955,1.287,-27.87
4.444,0.580,1.800,198.4,0.882,4.715,1.757,2.958,1.294,-28.27
4.454,0.581,1.804,199.3,0.888,4.715,1.758,2.958,1.302,-28.36
4.464,0.582,1.808,200.6,0.896,4.726,1.770,2.956,1.312,-28.44
4.474,0.584,1.812,200.8,0.898,4.709,1.754,2.955,1.317,-28.48
4.484,0.585,1.816,202.2,0.907,4.722,1.768,2.954,1.323,-28.53
4.494,0.586,1.820,202.5,0.910,4.706,1.754,2.953,1.329,-28.61
4.505,0.588,1.824,203.6,0.917,4.710,1.759,2.951,1.335,-28.66
4.515,0.589,1.828,203.9,0.921,4.698,1.750,2.948,1.332,-28.33
4.525,0.590,1.832,204.6,0.926,4.692,1.742,2.950,1.341,-28.71
4.535,0.591,1.836,205.7,0.933,4.696,1.750,2.947,1.343,-28.66
4.545,0.593,1.841,206.0,0.936,4.683,1.740,2.943,1.344,-28.37
4.555,0.594,1.845,207.1,0.943,4.687,1.745,2.943,1.352,-28.69
4.565,0.595,1.849,207.7,0.948,4.680,1.740,2.940,1.353,-28.37
4.575,0.597,1.853,208.2,0.952,4.672,1.733,2.938,1.357,-28.39
4.585,0.598,1.857,208.9,0.957,4.665,1.725,2.940,1.360,-28.81
4.595,0.599,1.861,210.0,0.965,4.671,1.731,2.939,1.365,-28.84
4.605,0.601,1.865,211.0,0.972,4.674,1.737,2.936,1.374,-28.88
4.615,0.602,1.869,211.7,0.977,4.667,1.734,2.933,1.378,-28.56
4.625,0.603,1.873,212.2,0.981,4.659,1.727,2.932,1.381,-28.45
4.635,0.605,1.877,213.4,0.989,4.666,1.733,2.933,1.386,-28.74
4.645,0.606,1.881,213.9,0.993,4.655,1.726,2.929,1.388,-28.50
4.655,0.607,1.885,214.2,0.997,4.642,1.712,2.930,1.398,-28.90
4.665,0.608,1.889,214.6,1.001,4.630,1.709,2.922,1.401,-28.10
4.675,0.610,1.893,215.8,1.009,4.637,1.716,2.921,1.403,-28.10
4.685,0.611,1.897,216.6,1.015,4.635,1.718,2.917,1.409,-28.12
4.695,0.612,1.901,217.4,1.021,4.631,1.716,2.915,1.411,-28.09
4.705,0.614,1.905,217.7,1.024,4.619,1.704,2.915,1.415,-28.10
4.715,0.615,1.909,219.2,1.034,4.630,1.717,2.913,1.422,-28.10
4.725,0.616,1.914,220.0,1.039,4.627,1.717,2.911,1.427,-28.12
4.735,0.618,1.918,220.3,1.043,4.614,1.705,2.909,1.432,-28.14
4.745,0.619,1.922,221.5,1.051,4.620,1.708,2.912,1.430,-27.61
4.755,0.620,1.926,222.3,1.057,4.618,1.706,2.912,1.438,-27.73
4.765,0.622,1.930,222.9,1.062,4.611,1.701,2.910,1.442,-27.78
4.775,0.623,1.934,225.6,1.077,4.647,1.734,2.913,1.450,-27.84
4.785,0.624,1.938,227.3,1.088,4.662,1.747,2.915,1.454,-27.88
4.795,0.625,1.942,228.3,1.095,4.663,1.751,2.912,1.467,-27.86
4.805,0.627,1.946,229.2,1.101,4.661,1.752,2.909,1.474,-27.91
4.815,0.628,1.950,229.9,1.107,4.657,1.749,2.908,1.479,-27.95
4.825,0.629,1.954,231.2,1.116,4.664,1.756,2.908,1.484,-27.99
4.835,0.631,1.958,232.0,1.122,4.660,1.753,2.907,1.488,-28.03
4.845,0.632,1.962,232.4,1.126,4.650,1.745,2.904,1.497,-28.04
4.855,0.633,1.966,233.3,1.132,4.647,1.744,2.903,1.506,-28.06
4.865,0.635,1.970,234.7,1.142,4.656,1.754,2.902,1.502,-28.01
4.875,0.636,1.974,235.5,1.148,4.653,1.752,2.901,1.509,-28.01
4.885,0.637,1.978,235.9,1.152,4.642,1.743,2.899,1.513,-28.03
4.895,0.638,1.982,236.8,1.159,4.640,1.742,2.897,1.518,-28.07
4.905,0.640,1.986,237.8,1.166,4.641,1.743,2.898,1.523,-28.12
4.915,0.641,1.991,238.6,1.173,4.638,1.734,2.904,1.530,-28.14
4.925,0.642,1.995,239.8,1.181,4.642,1.739,2.903,1.535,-28.18
4.935,0.644,1.999,240.6,1.187,4.638,1.736,2.903,1.539,-28.22
4.945,0.645,2.003,241.4,1.193,4.634,1.734,2.900,1.545,-28.24
4.955,0.646,2.007,241.7,1.197,4.621,1.724,2.898,1.549,-28.22
4.965,0.648,2.011,242.7,1.205,4.623,1.727,2.896,1.557,-28.26
4.975,0.649,2.015,243.4,1.211,4.618,1.723,2.895,1.562,-28.26
4.985,0.650,2.019,245.4,1.223,4.636,1.741,2.895,1.569,-28.32
4.995,0.652,2.023,246.8,1.233,4.644,1.748,2.896,1.575,-28.37
5.005,0.653,2.027,246.1,1.232,4.613,1.722,2.891,1.571,-28.20
5.015,0.654,2.031,247.9,1.243,4.628,1.736,2.892,1.578,-28.23
5.025,0.655,2.035,249.4,1.253,4.637,1.746,2.891,1.585,-28.25
5.035,0.657,2.039,249.7,1.257,4.624,1.733,2.891,1.587,-28.34
5.045,0.658,2.043,251.1,1.267,4.632,1.742,2.890,1.594,-28.38
5.055,0.659,2.047,251.2,1.270,4.615,1.730,2.885,1.594,-28.01
5.065,0.661,2.051,252.3,1.278,4.617,1.733,2.884,1.603,-28.04
5.075,0.662,2.055,253.3,1.286,4.617,1.734,2.883,1.608,-28.10
5.085,0.663,2.059,253.7,1.290,4.607,1.727,2.881,1.608,-27.99
5.095,0.665,2.064,254.7,1.298,4.606,1.727,2.879,1.615,-27.95
5.105,0.666,2.068,255.4,1.304,4.601,1.723,2.878,1.619,-27.96
5.115,0.667,2.072,256.2,1.310,4.597,1.720,2.877,1.623,-28.00
5.125,0.669,2.076,257.4,1.319,4.602,1.726,2.876,1.627,-28.03
5.135,0.670,2.080,258.1,1.325,4.596,1.722,2.874,1.631,-28.03
5.145,0.671,2.084,259.5,1.335,4.602,1.730,2.872,1.640,-28.00
5.155,0.672,2.088,259.9,1.340,4.591,1.719,2.871,1.645,-28.05
5.165,0.674,2.092,260.9,1.348,4.592,1.722,2.870,1.642,-27.88
5.175,0.675,2.096,261.1,1.351,4.577,1.710,2.867,1.649,-28.01
5.185,0.676,2.100,262.1,1.359,4.577,1.711,2.866,1.656,-28.05
5.195,0.678,2.104,263.4,1.368,4.582,1.718,2.864,1.665,-28.09
5.205,0.679,2.108,264.2,1.375,4.578,1.716,2.862,1.674,-28.18
5.215,0.680,2.112,265.4,1.384,4.581,1.721,2.860,1.684,-28.07
5.225,0.682,2.116,266.3,1.392,4.580,1.721,2.859,1.686,-28.10
5.235,0.683,2.120,266.1,1.393,4.559,1.701,2.858,1.692,-28.11
5.245,0.684,2.124,267.3,1.402,4.561,1.704,2.857,1.695,-28.11
5.255,0.685,2.128,268.2,1.409,4.559,1.704,2.855,1.699,-28.10
5.265,0.687,2.132,269.1,1.417,4.557,1.702,2.855,1.703,-28.09
5.275,0.688,2.136,270.5,1.427,4.564,1.711,2.852,1.709,-28.00
5.285,0.689,2.141,271.6,1.435,4.565,1.715,2.851,1.719,-28.06
5.295,0.691,2.145,271.5,1.438,4.546,1.688,2.858,1.722,-28.09
5.305,0.692,2.149,272.5,1.446,4.546,1.688,2.858,1.726,-28.13
5.315,0.693,2.153,273.3,1.453,4.542,1.686,2.856,1.724,-28.05
5.325,0.695,2.157,274.1,1.460,4.538,1.682,2.856,1.730,-28.15
5.335,0.696,2.161,276.5,1.475,4.560,1.712,2.848,1.722,-27.46
5.345,0.697,2.165,277.1,1.481,4.553,1.706,2.847,1.728,-27.44
5.355,0.699,2.169,277.7,1.487,4.547,1.705,2.842,1.721,-27.27
5.365,0.700,2.173,279.0,1.497,4.550,1.708,2.842,1.725,-27.29
5.375,0.701,2.177,279.3,1.501,4.538,1.695,2.843,1.736,-27.46
5.385,0.702,2.181,280.0,1.508,4.532,1.691,2.841,1.740,-27.47
5.395,0.704,2.185,281.3,1.518,4.538,1.697,2.840,1.744,-27.54
5.405,0.705,2.189,281.6,1.522,4.525,1.685,2.840,1.749,-27.62
5.415,0.706,2.193,282.6,1.530,4.524,1.687,2.837,1.757,-27.57
5.425,0.708,2.197,283.5,1.538,4.522,1.686,2.836,1.754,-27.39
5.435,0.709,2.201,285.6,1.552,4.538,1.710,2.828,1.751,-26.70
5.445,0.710,2.205,285.3,1.553,4.517,1.693,2.824,1.763,-26.74
5.455,0.712,2.209,286.2,1.561,4.515,1.692,2.823,1.764,-26.70
5.465,0.713,2.214,287.2,1.570,4.515,1.692,2.822,1.767,-26.74
5.475,0.714,2.218,287.7,1.575,4.506,1.685,2.821,1.771,-26.76
5.485,0.716,2.222,288.8,1.584,4.506,1.688,2.818,1.776,-26.80
5.495,0.717,2.226,289.5,1.591,4.501,1.684,2.817,1.783,-26.83
5.506,0.718,2.230,290.5,1.599,4.500,1.685,2.815,1.792,-26.76
5.516,0.719,2.234,291.3,1.607,4.496,1.682,2.814,1.796,-26.76
5.526,0.721,2.238,292.4,1.616,4.497,1.675,2.822,1.798,-26.77
5.536,0.722,2.242,293.2,1.623,4.492,1.671,2.822,1.802,-26.79
5.546,0.723,2.246,294.2,1.631,4.491,1.670,2.821,1.803,-26.84
5.556,0.725,2.250,294.7,1.637,4.483,1.664,2.819,1.805,-26.82
5.566,0.726,2.254,295.7,1.646,4.483,1.665,2.817,1.815,-26.77
5.576,0.727,2.258,297.0,1.656,4.485,1.669,2.816,1.823,-26.77
5.586,0.729,2.262,297.5,1.662,4.478,1.663,2.815,1.829,-26.80
5.596,0.730,2.266,298.3,1.669,4.473,1.659,2.814,1.832,-26.82
5.606,0.731,2.270,299.8,1.680,4.479,1.669,2.811,1.844,-26.78
5.616,0.732,2.274,300.6,1.688,4.475,1.666,2.810,1.846,-26.82
5.626,0.734,2.278,301.8,1.698,4.478,1.671,2.807,1.851,-26.73
5.636,0.735,2.282,302.8,1.706,4.476,1.672,2.804,1.831,-26.19
5.646,0.736,2.286,303.3,1.712,4.467,1.665,2.802,1.836,-26.17
5.656,0.738,2.291,305.1,1.725,4.478,1.677,2.801,1.833,-26.00
5.666,0.739,2.295,305.8,1.733,4.473,1.674,2.799,1.836,-26.01
5.676,0.740,2.299,306.5,1.740,4.468,1.669,2.799,1.840,-26.02
5.686,0.742,2.303,307.1,1.746,4.461,1.663,2.798,1.843,-26.06
5.696,0.743,2.307,307.9,1.754,4.457,1.660,2.797,1.845,-26.08
5.706,0.744,2.311,308.7,1.761,4.452,1.657,2.795,1.848,-26.06
5.716,0.746,2.315,309.9,1.771,4.454,1.660,2.793,1.850,-26.02
5.726,0.747,2.319,311.0,1.781,4.454,1.662,2.792,1.863,-26.04
5.736,0.748,2.323,311.8,1.789,4.450,1.660,2.791,1.866,-26.05
5.746,0.749,2.327,313.1,1.799,4.453,1.664,2.789,1.871,-26.00
5.756,0.751,2.331,313.8,1.806,4.448,1.660,2.788,1.874,-26.01
5.766,0.752,2.335,314.7,1.814,4.444,1.659,2.785,1.882,-25.97
5.776,0.753,2.339,315.7,1.823,4.444,1.660,2.784,1.874,-25.79
5.786,0.755,2.343,316.4,1.830,4.437,1.654,2.783,1.877,-25.78
5.796,0.756,2.347,317.3,1.839,4.436,1.653,2.783,1.880,-25.77
5.806,0.757,2.351,318.6,1.850,4.438,1.658,2.781,1.885,-25.74
5.816,0.759,2.355,319.2,1.857,4.431,1.652,2.780,1.886,-25.75
5.826,0.760,2.359,320.5,1.867,4.433,1.654,2.779,1.888,-25.74
5.836,0.761,2.364,320.4,1.870,4.417,1.648,2.769,1.886,-25.34
5.846,0.763,2.368,320.8,1.875,4.408,1.639,2.769,1.898,-25.53
5.856,0.764,2.372,322.5,1.888,4.415,1.648,2.767,1.882,-25.14
5.866,0.765,2.376,322.7,1.893,4.403,1.637,2.766,1.889,-25.24
5.876,0.766,2.380,323.7,1.902,4.403,1.638,2.765,1.894,-25.25
5.886,0.768,2.384,324.8,1.912,4.402,1.638,2.764,1.892,-25.14
5.896,0.769,2.388,327.1,1.929,4.419,1.656,2.762,1.868,-24.70
5.906,0.770,2.392,327.3,1.933,4.406,1.644,2.762,1.887,-24.95
5.916,0.772,2.396,328.3,1.942,4.404,1.643,2.761,1.891,-24.94
5.926,0.773,2.400,329.3,1.951,4.402,1.642,2.760,1.893,-24.94
5.936,0.774,2.404,330.7,1.963,4.407,1.651,2.755,1.878,-24.55
5.946,0.776,2.408,331.9,1.974,4.408,1.653,2.755,1.877,-24.46
5.956,0.777,2.412,332.7,1.982,4.404,1.650,2.754,1.877,-24.37
5.966,0.778,2.416,334.0,1.993,4.406,1.653,2.753,1.877,-24.28
5.976,0.779,2.420,334.5,1.999,4.397,1.648,2.749,1.855,-23.83
5.986,0.781,2.424,334.9,2.005,4.388,1.641,2.748,1.858,-23.82
5.996,0.782,2.428,336.3,2.017,4.393,1.646,2.747,1.858,-23.74
6.006,0.783,2.432,337.3,2.026,4.391,1.645,2.745,1.864,-23.61
6.016,0.785,2.436,338.5,2.037,4.392,1.652,2.740,1.873,-23.63
6.026,0.786,2.441,339.2,2.044,4.385,1.646,2.739,1.878,-23.60
6.036,0.787,2.445,340.5,2.055,4.388,1.653,2.735,1.879,-23.27
6.046,0.789,2.449,341.1,2.062,4.381,1.647,2.733,1.878,-23.16
6.056,0.790,2.453,342.0,2.071,4.378,1.646,2.732,1.885,-23.23
6.066,0.791,2.457,342.3,2.076,4.368,1.636,2.731,1.888,-23.19
6.076,0.793,2.461,343.5,2.087,4.368,1.639,2.730,1.892,-23.17
6.086,0.794,2.465,345.7,2.104,4.382,1.653,2.729,1.872,-22.70
6.096,0.795,2.469,345.1,2.104,4.360,1.638,2.723,1.871,-22.65
6.106,0.796,2.473,346.4,2.115,4.362,1.641,2.721,1.871,-22.54
6.116,0.798,2.477,347.0,2.123,4.356,1.637,2.719,1.871,-22.42
6.126,0.799,2.481,347.6,2.129,4.348,1.633,2.715,1.880,-22.51
6.136,0.800,2.485,348.8,2.140,4.349,1.636,2.714,1.881,-22.44
6.146,0.802,2.489,349.8,2.150,4.348,1.635,2.713,1.883,-22.37
6.156,0.803,2.493,350.8,2.160,4.346,1.635,2.711,1.885,-22.29
6.166,0.804,2.497,351.3,2.166,4.338,1.627,2.712,1.889,-22.52
6.176,0.806,2.501,352.3,2.176,4.337,1.626,2.710,1.891,-22.45
6.186,0.807,2.505,353.2,2.185,4.333,1.624,2.710,1.893,-22.44
6.196,0.808,2.509,356.2,2.207,4.356,1.641,2.715,1.893,-21.96
6.206,0.810,2.514,357.3,2.217,4.355,1.641,2.714,1.892,-21.86
6.216,0.811,2.518,358.5,2.228,4.356,1.644,2.712,1.889,-21.72
6.226,0.812,2.522,359.8,2.240,4.358,1.646,2.711,1.888,-21.63
6.236,0.813,2.526,360.8,2.250,4.356,1.646,2.710,1.888,-21.50
6.246,0.815,2.530,361.9,2.260,4.355,1.645,2.709,1.887,-21.42
6.256,0.816,2.534,363.2,2.273,4.357,1.649,2.708,1.882,-21.33
6.266,0.817,2.538,364.5,2.284,4.358,1.651,2.707,1.881,-21.22
6.276,0.819,2.542,365.4,2.293,4.355,1.649,2.706,1.880,-21.25
6.286,0.820,2.546,366.5,2.304,4.354,1.649,2.706,1.879,-21.12
6.296,0.821,2.550,367.6,2.314,4.354,1.649,2.705,1.878,-20.97
6.306,0.823,2.554,367.5,2.317,4.339,1.638,2.701,1.878,-20.86
6.316,0.824,2.558,366.9,2.318,4.318,1.619,2.699,1.878,-20.73
6.326,0.825,2.562,368.4,2.330,4.322,1.624,2.698,1.878,-20.63
6.336,0.827,2.566,369.5,2.341,4.321,1.624,2.697,1.872,-20.52
6.346,0.828,2.570,370.9,2.354,4.324,1.629,2.695,1.873,-20.39
6.356,0.829,2.574,372.3,2.367,4.327,1.632,2.695,1.868,-20.31
6.366,0.830,2.578,373.1,2.375,4.322,1.630,2.692,1.867,-20.19
6.376,0.832,2.582,373.9,2.384,4.318,1.630,2.688,1.867,-20.08
6.386,0.833,2.586,374.8,2.394,4.315,1.628,2.687,1.866,-19.99
6.396,0.834,2.591,375.2,2.400,4.306,1.620,2.686,1.864,-19.92
6.406,0.836,2.595,373.3,2.392,4.271,1.589,2.682,1.863,-19.75
6.416,0.837,2.599,374.1,2.400,4.266,1.586,2.680,1.863,-19.60
6.426,0.838,2.603,372.7,2.395,4.238,1.566,2.671,1.862,-19.47
6.436,0.840,2.607,373.8,2.406,4.237,1.566,2.670,1.856,-19.38
6.446,0.841,2.611,374.1,2.412,4.227,1.549,2.678,1.871,-19.35
6.456,0.842,2.615,375.9,2.427,4.233,1.565,2.669,1.861,-19.30
6.466,0.843,2.619,376.6,2.435,4.229,1.560,2.668,1.857,-19.14
6.476,0.845,2.623,377.6,2.445,4.227,1.560,2.667,1.859,-19.01
6.486,0.846,2.627,378.1,2.453,4.220,1.554,2.666,1.857,-18.94
6.496,0.847,2.631,379.2,2.463,4.219,1.554,2.665,1.852,-18.85
6.507,0.849,2.635,379.5,2.469,4.209,1.537,2.671,1.871,-19.04
6.517,0.850,2.639,380.2,2.478,4.204,1.532,2.672,1.865,-18.92
6.527,0.851,2.643,381.0,2.487,4.200,1.531,2.669,1.865,-18.75
6.537,0.853,2.647,382.0,2.497,4.198,1.530,2.668,1.864,-18.66
6.547,0.854,2.651,382.3,2.503,4.189,1.522,2.667,1.860,-18.52
6.557,0.855,2.655,381.7,2.502,4.169,1.506,2.663,1.858,-18.36
6.567,0.857,2.659,382.3,2.511,4.163,1.505,2.658,1.857,-18.18
6.577,0.858,2.664,383.6,2.523,4.164,1.508,2.656,1.857,-18.01
6.587,0.859,2.668,384.5,2.532,4.161,1.506,2.655,1.857,-17.89
6.597,0.860,2.672,385.1,2.540,4.155,1.502,2.653,1.853,-17.79
6.607,0.862,2.676,385.6,2.548,4.148,1.495,2.654,1.838,-17.62
6.617,0.863,2.680,386.4,2.557,4.144,1.491,2.652,1.836,-17.50
6.627,0.864,2.684,387.4,2.567,4.142,1.488,2.655,1.837,-17.73
6.637,0.866,2.688,388.5,2.578,4.141,1.486,2.655,1.833,-17.66
6.647,0.867,2.692,390.3,2.594,4.148,1.501,2.646,1.823,-17.46
6.657,0.868,2.696,390.6,2.600,4.139,1.494,2.644,1.819,-17.32
6.667,0.870,2.700,390.6,2.604,4.126,1.485,2.641,1.817,-17.16
6.677,0.871,2.704,391.7,2.615,4.125,1.477,2.648,1.838,-17.29
6.687,0.872,2.708,392.7,2.626,4.124,1.478,2.646,1.844,-17.32
6.697,0.874,2.712,393.9,2.638,4.124,1.480,2.644,1.842,-17.12
6.707,0.875,2.716,394.6,2.647,4.119,1.477,2.642,1.842,-17.02
6.717,0.876,2.720,395.5,2.656,4.116,1.475,2.641,1.840,-16.80
6.727,0.877,2.724,395.7,2.662,4.106,1.467,2.639,1.840,-16.61
6.737,0.879,2.728,388.0,2.614,4.014,1.394,2.621,1.799,-15.76
6.747,0.880,2.732,388.6,2.622,4.008,1.389,2.619,1.798,-15.57
6.757,0.881,2.736,388.4,2.624,3.994,1.381,2.614,1.798,-15.42
6.767,0.883,2.741,389.3,2.635,3.992,1.379,2.613,1.802,-15.38
6.777,0.884,2.745,390.5,2.646,3.993,1.381,2.611,1.802,-15.23
6.787,0.885,2.749,391.2,2.655,3.988,1.379,2.609,1.804,-15.08
6.797,0.887,2.753,392.1,2.665,3.985,1.378,2.608,1.803,-14.90
6.807,0.888,2.757,393.6,2.679,3.988,1.382,2.606,1.802,-14.70
6.817,0.889,2.761,394.2,2.687,3.983,1.378,2.606,1.797,-14.55
6.827,0.890,2.765,393.6,2.687,3.966,1.364,2.601,1.796,-14.35
6.837,0.892,2.769,394.3,2.696,3.961,1.361,2.600,1.793,-14.35
6.847,0.893,2.773,392.9,2.690,3.935,1.339,2.596,1.790,-14.22
6.857,0.894,2.777,393.8,2.700,3.932,1.338,2.595,1.785,-14.06
6.867,0.896,2.781,394.4,2.708,3.927,1.334,2.593,1.786,-13.90
6.877,0.897,2.785,395.6,2.720,3.927,1.328,2.599,1.779,-13.79
6.887,0.898,2.789,396.3,2.730,3.924,1.325,2.598,1.774,-13.70
6.897,0.900,2.793,396.0,2.731,3.908,1.315,2.593,1.772,-13.46
6.907,0.901,2.797,397.8,2.747,3.915,1.321,2.594,1.780,-13.66
6.917,0.902,2.801,398.7,2.758,3.913,1.320,2.593,1.774,-13.44
6.927,0.904,2.805,397.9,2.756,3.894,1.305,2.588,1.772,-13.35
6.937,0.905,2.809,398.8,2.766,3.891,1.301,2.590,1.763,-13.32
6.947,0.906,2.814,399.7,2.777,3.889,1.301,2.588,1.753,-13.10
6.957,0.907,2.818,400.5,2.786,3.886,1.297,2.588,1.753,-13.26
6.967,0.909,2.822,401.5,2.798,3.884,1.297,2.587,1.754,-13.13
6.977,0.910,2.826,402.0,2.805,3.878,1.292,2.586,1.750,-12.97
6.987,0.911,2.830,402.3,2.811,3.869,1.285,2.584,1.743,-12.77
6.997,0.913,2.834,403.0,2.820,3.865,1.281,2.584,1.736,-12.82
7.007,0.914,2.838,401.4,2.813,3.839,1.265,2.574,1.733,-12.53
7.017,0.915,2.842,402.6,2.825,3.839,1.268,2.571,1.731,-12.37
7.027,0.917,2.846,403.7,2.837,3.839,1.267,2.572,1.749,-12.53
7.037,0.918,2.850,404.3,2.845,3.833,1.263,2.570,1.741,-12.37
7.047,0.919,2.854,405.2,2.855,3.831,1.261,2.570,1.741,-12.38
7.057,0.921,2.858,406.1,2.866,3.829,1.260,2.569,1.743,-12.33
7.067,0.922,2.862,406.9,2.876,3.826,1.260,2.566,1.740,-12.07
7.077,0.923,2.866,407.7,2.885,3.822,1.259,2.563,1.740,-11.92
7.087,0.924,2.870,408.6,2.896,3.819,1.258,2.562,1.734,-11.80
7.097,0.926,2.874,408.6,2.900,3.809,1.251,2.558,1.735,-11.64
7.107,0.927,2.878,409.4,2.910,3.805,1.249,2.557,1.729,-11.49
7.117,0.928,2.882,410.3,2.920,3.803,1.247,2.556,1.727,-11.35
7.127,0.930,2.886,410.6,2.926,3.795,1.242,2.553,1.724,-11.11
7.137,0.931,2.891,411.4,2.936,3.792,1.238,2.554,1.721,-11.21
7.147,0.932,2.895,412.2,2.946,3.788,1.235,2.553,1.715,-11.17
7.157,0.934,2.899,412.8,2.955,3.784,1.233,2.551,1.711,-10.99
7.167,0.935,2.903,413.9,2.967,3.783,1.234,2.549,1.708,-10.88
7.177,0.936,2.907,414.4,2.974,3.777,1.229,2.548,1.700,-10.70
7.187,0.937,2.911,415.1,2.984,3.773,1.228,2.546,1.692,-10.58
7.197,0.939,2.915,415.1,2.988,3.763,1.220,2.542,1.688,-10.33
7.207,0.940,2.919,416.2,2.999,3.762,1.221,2.541,1.685,-10.20
7.217,0.941,2.923,417.1,3.011,3.760,1.220,2.541,1.689,-10.18
7.227,0.943,2.927,417.8,3.019,3.756,1.216,2.539,1.687,-10.05
7.237,0.944,2.931,418.7,3.031,3.754,1.217,2.537,1.681,-9.779
7.247,0.945,2.935,418.9,3.036,3.745,1.209,2.535,1.674,-9.654
7.257,0.947,2.939,419.2,3.042,3.737,1.204,2.533,1.669,-9.503
7.267,0.948,2.943,415.7,3.021,3.696,1.178,2.518,1.667,-9.322
7.277,0.949,2.947,416.4,3.031,3.692,1.174,2.518,1.655,-9.296
7.287,0.951,2.951,416.9,3.038,3.686,1.169,2.517,1.650,-9.190
7.297,0.952,2.955,417.3,3.045,3.679,1.163,2.516,1.644,-9.076
7.307,0.953,2.959,423.1,3.091,3.720,1.189,2.531,1.661,-9.655
7.317,0.954,2.964,419.9,3.072,3.682,1.166,2.516,1.654,-9.422
7.327,0.956,2.968,420.7,3.083,3.679,1.164,2.515,1.651,-9.248
7.337,0.957,2.972,421.2,3.091,3.674,1.160,2.514,1.647,-8.991
7.347,0.958,2.976,421.7,3.099,3.668,1.156,2.512,1.646,-8.891
7.357,0.960,2.980,422.5,3.109,3.665,1.153,2.511,1.643,-8.731
7.367,0.961,2.984,423.3,3.118,3.661,1.151,2.511,1.635,-8.701
7.377,0.962,2.988,424.3,3.130,3.660,1.151,2.509,1.632,-8.421
7.387,0.964,2.992,426.8,3.153,3.672,1.165,2.507,1.620,-8.323
7.397,0.965,2.996,427.4,3.161,3.667,1.161,2.506,1.617,-8.232
7.407,0.966,3.000,428.5,3.174,3.666,1.161,2.505,1.613,-8.153
7.417,0.968,3.004,429.1,3.183,3.662,1.158,2.504,1.610,-7.988
7.427,0.969,3.008,430.1,3.194,3.660,1.156,2.505,1.608,-8.357
7.437,0.970,3.012,430.5,3.202,3.654,1.150,2.504,1.605,-8.269
7.447,0.971,3.016,431.6,3.214,3.653,1.151,2.502,1.600,-7.996
7.457,0.973,3.020,432.7,3.227,3.653,1.152,2.502,1.600,-7.872
7.467,0.974,3.024,433.6,3.238,3.651,1.151,2.500,1.597,-7.692
7.477,0.975,3.028,434.0,3.245,3.644,1.147,2.497,1.593,-7.413
7.487,0.977,3.032,435.1,3.258,3.644,1.148,2.496,1.591,-7.327
7.497,0.978,3.036,435.0,3.262,3.634,1.139,2.495,1.592,-7.247
7.508,0.979,3.041,435.9,3.272,3.631,1.137,2.494,1.588,-7.163
7.518,0.981,3.045,437.5,3.289,3.635,1.143,2.492,1.587,-6.995
7.528,0.982,3.049,437.9,3.296,3.628,1.136,2.492,1.579,-6.962
7.538,0.983,3.053,439.0,3.309,3.628,1.138,2.490,1.572,-6.799
7.548,0.984,3.057,438.8,3.312,3.617,1.129,2.488,1.567,-6.637
7.558,0.986,3.061,439.5,3.322,3.613,1.128,2.485,1.564,-6.417
7.568,0.987,3.065,440.3,3.332,3.610,1.125,2.485,1.559,-6.383
7.578,0.988,3.069,440.8,3.340,3.604,1.122,2.482,1.553,-6.175
7.588,0.990,3.073,442.3,3.356,3.607,1.121,2.486,1.565,-6.673
7.598,0.991,3.077,443.5,3.369,3.607,1.123,2.485,1.562,-6.558
7.608,0.992,3.081,443.4,3.373,3.597,1.116,2.481,1.559,-6.311
7.618,0.994,3.085,444.2,3.384,3.594,1.114,2.481,1.557,-6.302
7.628,0.995,3.089,445.6,3.399,3.596,1.117,2.480,1.554,-6.108
7.638,0.996,3.093,445.5,3.403,3.586,1.109,2.477,1.551,-5.988
7.648,0.998,3.097,446.7,3.416,3.586,1.111,2.475,1.548,-5.796
7.658,0.999,3.101,447.3,3.425,3.582,1.106,2.476,1.557,-5.955
7.668,1.000,3.105,448.7,3.440,3.583,1.109,2.474,1.554,-5.845
7.678,1.001,3.109,449.4,3.450,3.580,1.106,2.473,1.552,-5.769
7.688,1.003,3.114,449.4,3.455,3.571,1.102,2.468,1.548,-5.517
7.698,1.004,3.118,449.9,3.463,3.565,1.100,2.465,1.541,-5.273
7.708,1.005,3.122,447.7,3.451,3.538,1.080,2.458,1.535,-5.058
7.718,1.007,3.126,448.1,3.458,3.532,1.076,2.457,1.536,-4.934
7.728,1.008,3.130,448.8,3.468,3.528,1.074,2.454,1.530,-4.863
7.738,1.009,3.134,449.6,3.479,3.526,1.073,2.453,1.527,-4.751
7.748,1.011,3.138,451.0,3.494,3.528,1.073,2.455,1.534,-4.857
7.758,1.012,3.142,450.9,3.498,3.518,1.066,2.452,1.525,-4.779
7.768,1.013,3.146,452.2,3.513,3.519,1.067,2.451,1.518,-4.658
7.778,1.015,3.150,449.5,3.496,3.488,1.047,2.442,1.513,-4.351
7.788,1.016,3.154,449.3,3.499,3.478,1.041,2.437,1.507,-4.104
7.798,1.017,3.158,450.7,3.515,3.480,1.044,2.436,1.518,-3.969
7.808,1.018,3.162,451.4,3.524,3.477,1.043,2.433,1.517,-3.749
7.818,1.020,3.166,451.8,3.532,3.470,1.038,2.433,1.512,-3.663
7.828,1.021,3.170,453.0,3.546,3.471,1.041,2.431,1.509,-3.457
7.838,1.022,3.174,453.8,3.557,3.469,1.035,2.434,1.505,-3.243
7.848,1.024,3.178,454.8,3.569,3.467,1.034,2.432,1.501,-3.122
7.858,1.025,3.182,455.5,3.580,3.464,1.034,2.430,1.501,-2.928
7.868,1.026,3.186,456.3,3.590,3.461,1.033,2.428,1.496,-2.686
7.878,1.028,3.191,457.1,3.601,3.458,1.029,2.429,1.494,-2.863
7.888,1.029,3.195,458.1,3.614,3.457,1.031,2.427,1.492,-2.675
7.898,1.030,3.199,457.2,3.611,3.441,1.020,2.421,1.488,-2.413
7.908,1.031,3.203,457.9,3.621,3.438,1.019,2.419,1.482,-2.312
7.918,1.033,3.207,458.6,3.631,3.435,1.019,2.416,1.482,-2.140
7.928,1.034,3.211,458.9,3.638,3.428,1.009,2.419,1.495,-2.043
7.938,1.035,3.215,459.0,3.644,3.421,1.004,2.417,1.484,-2.001
7.948,1.037,3.219,460.4,3.659,3.422,1.009,2.413,1.458,-2.035
7.958,1.038,3.223,460.5,3.664,3.414,1.000,2.414,1.476,-1.731
7.968,1.039,3.227,461.4,3.677,3.412,0.999,2.413,1.477,-1.730
7.978,1.041,3.231,462.3,3.688,3.410,1.000,2.410,1.481,-1.484
7.988,1.042,3.235,459.2,3.668,3.379,0.983,2.396,1.459,-1.578
7.998,1.043,3.239,464.1,3.712,3.406,0.998,2.409,1.481,-1.442
8.008,1.045,3.243,464.8,3.722,3.403,0.995,2.408,1.484,-1.496
8.018,1.046,3.247,465.8,3.735,3.402,0.997,2.405,1.495,-1.368
8.028,1.047,3.251,461.5,3.705,3.362,0.966,2.396,1.468,-1.376
8.038,1.048,3.255,467.5,3.758,3.397,0.989,2.409,1.474,-1.616
8.048,1.050,3.259,463.7,3.732,3.361,0.969,2.392,1.456,-1.552
8.058,1.051,3.264,464.3,3.741,3.357,0.963,2.395,1.470,-1.317
8.068,1.052,3.268,465.6,3.756,3.358,0.968,2.390,1.446,-1.291
8.078,1.054,3.272,466.4,3.767,3.356,0.967,2.388,1.441,-1.044
8.088,1.055,3.276,467.1,3.778,3.353,0.966,2.387,1.437,-0.918
8.098,1.056,3.280,467.6,3.786,3.348,0.959,2.389,1.471,-0.995
8.108,1.058,3.284,468.4,3.798,3.346,0.958,2.388,1.470,-0.888
8.118,1.059,3.288,468.9,3.807,3.341,0.956,2.385,1.471,-0.837
8.128,1.060,3.292,470.7,3.826,3.345,0.961,2.384,1.446,-0.837
8.138,1.062,3.296,471.2,3.835,3.341,0.958,2.382,1.444,-0.706
8.148,1.063,3.300,472.0,3.846,3.338,0.957,2.381,1.439,-0.523
8.158,1.064,3.304,472.4,3.854,3.333,0.955,2.378,1.435,-0.378
8.168,1.065,3.308,473.0,3.864,3.329,0.954,2.375,1.431,-0.096
8.178,1.067,3.312,473.8,3.874,3.326,0.953,2.373,1.431,0.059
8.188,1.068,3.316,474.3,3.884,3.322,0.952,2.369,1.430,0.243
8.198,1.069,3.320,474.8,3.892,3.317,0.946,2.370,1.425,0.293
8.208,1.071,3.324,474.6,3.895,3.307,0.937,2.370,1.433,0.381
8.218,1.072,3.328,476.0,3.912,3.309,0.939,2.371,1.430,0.397
8.228,1.073,3.332,477.6,3.930,3.312,0.946,2.366,1.424,0.411
8.238,1.075,3.336,477.5,3.934,3.304,0.939,2.364,1.418,0.530
8.248,1.076,3.341,478.6,3.948,3.303,0.937,2.366,1.416,0.699
8.258,1.077,3.345,478.4,3.951,3.294,0.934,2.360,1.410,0.936
8.268,1.079,3.349,478.2,3.954,3.284,0.928,2.356,1.408,1.127
8.278,1.080,3.353,479.2,3.967,3.283,0.926,2.357,1.409,1.070
8.288,1.081,3.357,479.8,3.977,3.280,0.926,2.354,1.402,1.296
8.298,1.082,3.361,480.6,3.989,3.277,0.927,2.351,1.401,1.553
8.308,1.084,3.365,480.8,3.995,3.270,0.916,2.354,1.404,1.513
8.318,1.085,3.369,482.2,4.011,3.272,0.921,2.351,1.397,1.504
8.328,1.086,3.373,483.0,4.022,3.269,0.919,2.351,1.394,1.545
8.338,1.088,3.377,483.9,4.035,3.268,0.918,2.350,1.391,1.634
8.348,1.089,3.381,484.0,4.040,3.260,0.916,2.345,1.386,1.843
8.358,1.090,3.385,485.0,4.054,3.260,0.914,2.346,1.381,1.776
8.368,1.092,3.389,485.4,4.062,3.255,0.910,2.345,1.380,1.893
8.378,1.093,3.393,486.3,4.074,3.252,0.909,2.343,1.377,1.981
8.388,1.094,3.397,488.1,4.095,3.257,0.915,2.342,1.394,1.840
8.398,1.095,3.401,488.9,4.106,3.254,0.913,2.342,1.387,1.962
8.408,1.097,3.405,488.8,4.110,3.246,0.907,2.340,1.380,2.102
8.418,1.098,3.409,490.0,4.125,3.246,0.904,2.342,1.374,2.325
8.428,1.099,3.414,490.8,4.137,3.244,0.902,2.342,1.376,2.314
8.438,1.101,3.418,491.7,4.149,3.242,0.903,2.340,1.370,2.512
8.448,1.102,3.422,486.2,4.108,3.199,0.874,2.325,1.358,2.879
8.458,1.103,3.426,487.2,4.121,3.198,0.874,2.324,1.359,2.999
8.468,1.105,3.430,488.6,4.137,3.199,0.875,2.323,1.356,3.003
8.478,1.106,3.434,488.4,4.141,3.190,0.868,2.322,1.368,3.437
8.488,1.107,3.438,488.8,4.150,3.185,0.865,2.320,1.374,3.516
8.498,1.109,3.442,490.0,4.164,3.186,0.867,2.319,1.367,3.645
8.509,1.110,3.446,491.0,4.178,3.185,0.866,2.319,1.358,3.704
8.519,1.111,3.450,488.5,4.161,3.161,0.854,2.307,1.345,3.944
8.529,1.112,3.454,492.5,4.201,3.179,0.863,2.317,1.356,3.847
8.539,1.114,3.458,492.9,4.209,3.174,0.858,2.316,1.354,3.861
8.549,1.115,3.462,490.3,4.191,3.150,0.842,2.308,1.350,4.000
8.559,1.116,3.466,490.7,4.200,3.145,0.839,2.306,1.349,4.040
8.569,1.118,3.470,491.9,4.215,3.146,0.841,2.305,1.345,4.221
8.579,1.119,3.474,493.6,4.234,3.149,0.849,2.300,1.335,4.439
8.589,1.120,3.478,494.4,4.246,3.147,0.847,2.300,1.333,4.352
8.599,1.122,3.482,495.3,4.259,3.145,0.846,2.299,1.334,4.454
8.609,1.123,3.486,494.5,4.257,3.133,0.838,2.295,1.329,4.633
8.619,1.124,3.491,495.8,4.273,3.134,0.839,2.295,1.325,4.595
8.629,1.126,3.495,496.6,4.285,3.132,0.838,2.294,1.321,4.742
8.639,1.127,3.499,497.0,4.294,3.127,0.834,2.293,1.320,4.825
8.649,1.128,3.503,497.9,4.306,3.125,0.834,2.292,1.318,4.982
8.659,1.129,3.507,499.1,4.321,3.126,0.835,2.291,1.314,5.075
8.669,1.131,3.511,500.1,4.336,3.125,0.833,2.292,1.324,4.887
8.679,1.132,3.515,499.9,4.338,3.116,0.825,2.291,1.339,5.027
8.689,1.133,3.519,500.6,4.349,3.113,0.824,2.289,1.331,5.165
8.699,1.135,3.523,501.8,4.365,3.113,0.823,2.291,1.334,5.039
8.709,1.136,3.527,502.2,4.374,3.109,0.821,2.289,1.327,5.178
8.719,1.137,3.531,502.7,4.383,3.105,0.817,2.288,1.328,5.200
8.729,1.139,3.535,504.3,4.402,3.108,0.818,2.290,1.324,5.215
8.739,1.140,3.539,505.0,4.413,3.105,0.819,2.286,1.304,5.329
8.749,1.141,3.543,506.2,4.428,3.105,0.819,2.286,1.310,5.161
8.759,1.142,3.547,507.0,4.440,3.103,0.818,2.285,1.308,5.283
8.769,1.144,3.551,507.8,4.452,3.101,0.818,2.283,1.304,5.469
8.779,1.145,3.555,508.5,4.464,3.098,0.816,2.282,1.304,5.557
8.789,1.146,3.559,509.1,4.475,3.095,0.814,2.281,1.305,5.710
8.799,1.148,3.564,507.9,4.469,3.080,0.804,2.276,1.301,5.781
8.809,1.149,3.568,508.8,4.482,3.078,0.804,2.274,1.291,5.811
8.819,1.150,3.572,508.9,4.488,3.072,0.800,2.272,1.283,5.967
8.829,1.152,3.576,508.8,4.492,3.065,0.796,2.269,1.276,6.228
8.839,1.153,3.580,509.3,4.501,3.061,0.794,2.266,1.289,6.225
8.849,1.154,3.584,510.6,4.518,3.062,0.796,2.266,1.283,6.395
8.859,1.156,3.588,511.4,4.530,3.059,0.795,2.264,1.274,6.513
8.869,1.157,3.592,511.7,4.538,3.055,0.791,2.264,1.265,6.576
8.879,1.158,3.596,509.9,4.527,3.037,0.779,2.257,1.251,6.863
8.889,1.159,3.600,510.9,4.541,3.036,0.779,2.257,1.247,6.807
8.899,1.161,3.604,511.5,4.552,3.033,0.774,2.258,1.239,6.669
8.909,1.162,3.608,510.1,4.545,3.018,0.765,2.253,1.239,6.733
8.919,1.163,3.612,511.0,4.557,3.016,0.764,2.252,1.236,6.858
8.929,1.165,3.616,511.6,4.568,3.013,0.763,2.250,1.228,7.038
8.939,1.166,3.620,511.4,4.571,3.005,0.758,2.247,1.222,7.209
8.949,1.167,3.624,512.4,4.585,3.004,0.758,2.246,1.219,7.333
8.959,1.169,3.628,513.5,4.600,3.004,0.759,2.245,1.217,7.359
8.969,1.170,3.632,513.7,4.608,2.999,0.754,2.244,1.222,7.307
8.979,1.171,3.636,514.9,4.623,2.999,0.754,2.245,1.220,7.308
8.989,1.173,3.641,515.7,4.635,2.996,0.754,2.242,1.215,7.464
8.999,1.174,3.645,516.3,4.646,2.993,0.751,2.243,1.217,7.415
9.009,1.175,3.649,517.3,4.661,2.993,0.752,2.241,1.211,7.577
9.019,1.176,3.653,518.5,4.677,2.993,0.753,2.240,1.203,7.689
9.029,1.178,3.657,514.4,4.645,2.963,0.735,2.228,1.196,7.837
9.039,1.179,3.661,518.9,4.690,2.982,0.746,2.236,1.197,7.648
9.049,1.180,3.665,516.8,4.677,2.964,0.735,2.228,1.193,7.722
9.059,1.182,3.669,517.7,4.690,2.962,0.734,2.228,1.186,7.913
9.069,1.183,3.673,518.8,4.705,2.962,0.732,2.230,1.193,7.613
9.079,1.184,3.677,519.8,4.719,2.961,0.732,2.229,1.193,7.640
9.089,1.186,3.681,520.3,4.729,2.957,0.729,2.228,1.190,7.719
9.099,1.187,3.685,521.7,4.747,2.959,0.731,2.227,1.187,7.742
9.109,1.188,3.689,522.3,4.758,2.956,0.729,2.227,1.192,7.686
9.119,1.189,3.693,523.6,4.774,2.956,0.730,2.226,1.186,7.824
9.129,1.191,3.697,523.1,4.776,2.947,0.725,2.222,1.181,7.940
9.139,1.192,3.701,522.1,4.772,2.935,0.716,2.219,1.176,7.997
9.149,1.193,3.705,522.8,4.784,2.933,0.715,2.218,1.171,8.132
9.159,1.195,3.709,523.6,4.796,2.931,0.714,2.217,1.167,8.254
9.169,1.196,3.714,522.7,4.793,2.919,0.707,2.212,1.161,8.364
9.179,1.197,3.718,523.6,4.806,2.918,0.707,2.211,1.160,8.430
9.189,1.199,3.722,524.3,4.818,2.915,0.704,2.212,1.154,8.513
9.199,1.200,3.726,525.4,4.833,2.915,0.705,2.210,1.151,8.649
9.209,1.201,3.730,526.3,4.847,2.914,0.704,2.210,1.158,8.526
9.219,1.203,3.734,529.2,4.879,2.923,0.711,2.212,1.175,8.276
9.229,1.204,3.738,530.0,4.891,2.921,0.710,2.212,1.172,8.361
9.239,1.205,3.742,529.1,4.889,2.910,0.703,2.208,1.167,8.433
9.249,1.206,3.746,529.9,4.901,2.908,0.700,2.208,1.161,8.559
9.259,1.208,3.750,530.6,4.913,2.906,0.698,2.208,1.156,8.567
9.269,1.209,3.754,531.5,4.927,2.905,0.697,2.208,1.157,8.512
9.279,1.210,3.758,532.4,4.940,2.903,0.696,2.207,1.156,8.542
9.289,1.212,3.762,533.4,4.955,2.902,0.696,2.206,1.156,8.601
9.299,1.213,3.766,536.3,4.987,2.912,0.701,2.211,1.168,8.373
9.309,1.214,3.770,535.5,4.985,2.901,0.695,2.206,1.165,8.459
9.319,1.216,3.774,536.3,4.998,2.899,0.694,2.206,1.161,8.537
9.329,1.217,3.778,539.4,5.032,2.910,0.698,2.211,1.174,8.138
9.339,1.218,3.782,540.1,5.044,2.907,0.697,2.210,1.169,8.254
9.349,1.220,3.786,539.1,5.040,2.896,0.690,2.205,1.163,8.362
9.359,1.221,3.791,540.1,5.055,2.895,0.689,2.206,1.158,8.402
9.369,1.222,3.795,541.6,5.074,2.897,0.691,2.205,1.154,8.453
9.379,1.223,3.799,542.3,5.086,2.894,0.689,2.205,1.149,8.461
9.389,1.225,3.803,543.1,5.099,2.892,0.689,2.204,1.146,8.544
9.399,1.226,3.807,543.9,5.112,2.890,0.687,2.203,1.141,8.594
9.409,1.227,3.811,544.1,5.120,2.885,0.684,2.201,1.140,8.642
9.419,1.229,3.815,545.2,5.136,2.885,0.684,2.201,1.135,8.677
9.429,1.230,3.819,547.0,5.158,2.889,0.685,2.204,1.139,8.543
9.439,1.231,3.823,546.9,5.162,2.882,0.681,2.201,1.132,8.653
9.449,1.233,3.827,548.0,5.178,2.881,0.680,2.201,1.139,8.560
9.459,1.234,3.831,548.9,5.193,2.880,0.680,2.200,1.132,8.665
9.469,1.235,3.835,550.8,5.216,2.884,0.681,2.203,1.140,8.397
9.479,1.236,3.839,551.5,5.228,2.881,0.679,2.202,1.138,8.435
9.489,1.238,3.843,551.4,5.232,2.875,0.674,2.201,1.134,8.496
9.499,1.239,3.847,553.6,5.259,2.880,0.679,2.202,1.140,8.426
9.510,1.240,3.851,553.2,5.261,2.872,0.673,2.200,1.133,8.519
9.520,1.242,3.855,554.6,5.279,2.873,0.674,2.199,1.127,8.532
9.530,1.243,3.859,555.4,5.293,2.872,0.673,2.199,1.121,8.611
9.540,1.244,3.864,554.6,5.290,2.861,0.667,2.194,1.115,8.747
9.550,1.246,3.868,555.1,5.301,2.858,0.666,2.192,1.109,8.830
9.560,1.247,3.872,556.1,5.316,2.857,0.665,2.192,1.105,8.901
9.570,1.248,3.876,554.7,5.308,2.844,0.657,2.186,1.100,8.974
9.580,1.250,3.880,555.6,5.323,2.843,0.656,2.186,1.097,8.915
9.590,1.251,3.884,557.1,5.343,2.844,0.656,2.188,1.093,8.954
9.600,1.252,3.888,558.5,5.361,2.845,0.657,2.188,1.087,9.029
9.610,1.253,3.892,559.3,5.374,2.844,0.656,2.187,1.082,9.058
9.620,1.255,3.896,560.1,5.388,2.842,0.655,2.186,1.081,9.101
9.630,1.256,3.900,561.0,5.402,2.840,0.654,2.187,1.085,9.041
9.640,1.257,3.904,562.3,5.420,2.841,0.654,2.187,1.089,9.020
9.650,1.259,3.908,562.9,5.432,2.838,0.652,2.186,1.084,9.054
9.660,1.260,3.912,563.9,5.447,2.837,0.652,2.185,1.080,9.094
9.670,1.261,3.916,564.6,5.459,2.835,0.650,2.185,1.075,9.135
9.680,1.263,3.920,565.9,5.477,2.836,0.651,2.185,1.069,9.209
9.690,1.264,3.924,566.9,5.493,2.835,0.651,2.184,1.065,9.245
9.700,1.265,3.928,567.5,5.504,2.832,0.649,2.183,1.062,9.280
9.710,1.267,3.932,567.4,5.509,2.826,0.644,2.182,1.058,9.320
9.720,1.268,3.936,568.1,5.522,2.823,0.643,2.180,1.055,9.344
9.730,1.269,3.941,567.8,5.525,2.816,0.638,2.178,1.049,9.423
9.740,1.270,3.945,568.9,5.541,2.816,0.638,2.178,1.045,9.457
9.750,1.272,3.949,569.8,5.555,2.814,0.636,2.178,1.040,9.488
9.760,1.273,3.953,569.3,5.556,2.806,0.631,2.175,1.035,9.579
9.770,1.274,3.957,570.5,5.573,2.806,0.631,2.175,1.031,9.614
9.780,1.276,3.961,571.3,5.587,2.804,0.630,2.174,1.026,9.648
9.790,1.277,3.965,571.8,5.598,2.801,0.632,2.169,1.021,9.755
9.800,1.278,3.969,573.3,5.619,2.803,0.633,2.170,1.017,9.788
9.810,1.280,3.973,574.1,5.631,2.801,0.632,2.169,1.012,9.830
9.820,1.281,3.977,575.0,5.646,2.800,0.631,2.169,1.008,9.859
9.830,1.282,3.981,578.4,5.686,2.811,0.633,2.178,1.025,9.115
9.840,1.283,3.985,579.4,5.701,2.810,0.632,2.177,1.024,9.130
9.850,1.285,3.989,579.3,5.706,2.803,0.629,2.175,1.023,9.145
9.860,1.286,3.993,581.5,5.734,2.809,0.632,2.177,1.032,9.048
9.870,1.287,3.997,582.6,5.750,2.808,0.632,2.176,1.031,9.107
9.880,1.289,4.001,583.7,5.767,2.808,0.632,2.176,1.030,9.061
9.890,1.290,4.005,584.4,5.780,2.805,0.631,2.174,1.033,9.119
9.900,1.291,4.009,585.6,5.797,2.805,0.630,2.175,1.028,9.148
9.910,1.293,4.014,585.2,5.800,2.798,0.626,2.172,1.025,9.198
9.920,1.294,4.018,585.9,5.812,2.795,0.625,2.170,1.023,9.328
9.930,1.295,4.022,586.7,5.826,2.794,0.625,2.169,1.016,9.430
9.940,1.297,4.026,587.9,5.843,2.794,0.625,2.169,1.013,9.457
9.950,1.298,4.030,589.0,5.861,2.793,0.624,2.169,1.008,9.479
9.960,1.299,4.034,589.9,5.875,2.792,0.623,2.169,1.004,9.496
9.970,1.300,4.038,590.8,5.890,2.791,0.622,2.168,1.000,9.526
9.980,1.302,4.042,590.4,5.892,2.783,0.617,2.166,0.996,9.551
9.990,1.303,4.046,591.9,5.913,2.785,0.618,2.166,0.991,9.575
10.00,1.304,4.050,589.6,5.896,2.768,0.614,2.154,0.982,9.596
