values(1);values(2);values(3);values(4);
nan;nan;nan;nan;
nan;nan;nan;nan;
nan;nan;nan;nan;
nan;nan;nan;nan;
12.756557;12.860376;12.811543;0.20383032;
12.756557;12.860376;12.811543;0.20383032;
12.756557;12.860376;12.811543;0.20383032;
12.751974;12.858095;12.81077;0.20153721;
12.751974;12.858095;12.81077;0.20153721;
12.751974;12.858095;12.81077;0.20153721;
12.757359;12.863982;12.811134;0.2080508;
12.757359;12.863982;12.811134;0.2080508;
12.757359;12.863982;12.811134;0.2080508;
12.757359;12.863982;12.811134;0.2080508;
12.753509;12.86326;12.808056;0.201921;
12.753509;12.86326;12.808056;0.201921;
12.753509;12.86326;12.808056;0.201921;
12.755176;12.865808;12.813672;0.20492077;
12.755176;12.865808;12.813672;0.20492077;
12.755176;12.865808;12.813672;0.20492077;
12.752378;12.869072;12.807644;0.20462812;
12.752378;12.869072;12.807644;0.20462812;
12.752378;12.869072;12.807644;0.20462812;
12.757938;12.86268;12.811354;0.21201599;
12.757938;12.86268;12.811354;0.21201599;
12.757938;12.86268;12.811354;0.21201599;
12.757938;12.86268;12.811354;0.21201599;
12.75731;12.863099;12.813924;0.21003631;
12.75731;12.863099;12.813924;0.21003631;
12.75731;12.863099;12.813924;0.21003631;
12.75523;12.862126;12.812842;0.22792056;
12.75523;12.862126;12.812842;0.22792056;
12.75523;12.862126;12.812842;0.22792056;
12.759317;12.859497;12.818576;0.21007571;
12.759317;12.859497;12.818576;0.21007571;
12.759317;12.859497;12.818576;0.21007571;
12.75791;12.861818;12.814448;0.20024194;
12.75791;12.861818;12.814448;0.20024194;
12.75791;12.861818;12.814448;0.20024194;
12.759673;12.860099;12.809268;0.20869547;
12.759673;12.860099;12.809268;0.20869547;
12.759673;12.860099;12.809268;0.20869547;
12.759673;12.860099;12.809268;0.20869547;
12.759199;12.862624;12.812723;0.20780835;
12.759199;12.862624;12.812723;0.20780835;
12.759199;12.862624;12.812723;0.20780835;
12.765265;12.857404;12.817616;0.21679661;
12.765265;12.857404;12.817616;0.21679661;
12.765265;12.857404;12.817616;0.21679661;
12.766422;12.864578;12.819044;0.20328031;
12.766422;12.864578;12.819044;0.20328031;
12.766422;12.864578;12.819044;0.20328031;
12.766422;12.864578;12.819044;0.20328031;
12.765927;12.863333;12.816168;0.21428926;
12.765927;12.863333;12.816168;0.21428926;
12.765927;12.863333;12.816168;0.21428926;
12.761109;12.866712;12.812915;0.20534714;
12.761109;12.866712;12.812915;0.20534714;
12.761109;12.866712;12.812915;0.20534714;
12.761231;12.860721;12.812684;0.24162786;
12.761231;12.860721;12.812684;0.24162786;
12.761231;12.860721;12.812684;0.24162786;
12.761231;12.860721;12.812684;0.24162786;
12.76677;12.862286;12.813592;0.21025847;
12.76677;12.862286;12.813592;0.21025847;
12.76677;12.862286;12.813592;0.21025847;
12.763739;12.864237;12.817666;0.20245278;
12.763739;12.864237;12.817666;0.20245278;
12.763739;12.864237;12.817666;0.20245278;
12.759414;12.866232;12.815811;0.21148883;
12.759414;12.866232;12.815811;0.21148883;
12.759414;12.866232;12.815811;0.21148883;
12.759414;12.866232;12.815811;0.21148883;
12.761642;12.862966;12.816506;0.19857754;
12.761642;12.862966;12.816506;0.19857754;
12.761642;12.862966;12.816506;0.19857754;
12.763001;12.868568;12.813714;0.20150875;
12.763001;12.868568;12.813714;0.20150875;
12.763001;12.868568;12.813714;0.20150875;
12.763979;12.86362;12.816167;0.19506392;
12.763979;12.86362;12.816167;0.19506392;
12.763979;12.86362;12.816167;0.19506392;
12.763979;12.86362;12.816167;0.19506392;
12.769456;12.865267;12.815183;0.19813019;
12.769456;12.865267;12.815183;0.19813019;
12.769456;12.865267;12.815183;0.19813019;
12.764787;12.864903;12.814865;0.20413646;
12.764787;12.864903;12.814865;0.20413646;
12.764787;12.864903;12.814865;0.20413646;
12.764787;12.864903;12.814865;0.20413646;
12.764065;12.862183;12.820452;0.20118067;
12.764065;12.862183;12.820452;0.20118067;
12.764065;12.862183;12.820452;0.20118067;
12.767599;12.860363;12.815549;0.20216687;
12.767599;12.860363;12.815549;0.20216687;
12.767599;12.860363;12.815549;0.20216687;
12.763989;12.864929;12.824696;0.20698549;
12.763989;12.864929;12.824696;0.20698549;
12.763989;12.864929;12.824696;0.20698549;
12.763989;12.864929;12.824696;0.20698549;
12.768425;12.86106;12.816941;0.20747153;
12.768425;12.86106;12.816941;0.20747153;
12.768425;12.86106;12.816941;0.20747153;
12.764384;12.867393;12.821102;0.20651309;
12.764384;12.867393;12.821102;0.20651309;
12.764384;12.867393;12.821102;0.20651309;
12.761595;12.865616;12.82361;0.20672186;
12.761595;12.865616;12.82361;0.20672186;
12.761595;12.865616;12.82361;0.20672186;
12.761595;12.865616;12.82361;0.20672186;
12.764746;12.866612;12.822829;0.19664162;
12.764746;12.866612;12.822829;0.19664162;
12.764746;12.866612;12.822829;0.19664162;
12.765183;12.869042;12.820204;0.2080112;
12.765183;12.869042;12.820204;0.2080112;
12.765183;12.869042;12.820204;0.2080112;
12.765183;12.869042;12.820204;0.2080112;
12.76167;12.861563;12.822865;0.2043644;
12.76167;12.861563;12.822865;0.2043644;
12.76167;12.861563;12.822865;0.2043644;
12.76172;12.865092;12.821729;0.21015713;
12.76172;12.865092;12.821729;0.21015713;
12.76172;12.865092;12.821729;0.21015713;
12.76172;12.865092;12.821729;0.21015713;
12.76172;12.865092;12.821729;0.21015713;
12.767863;12.865382;12.824886;0.19863306;
12.767863;12.865382;12.824886;0.19863306;
12.767863;12.865382;12.824886;0.19863306;
12.768013;12.866997;12.824929;0.21148537;
12.768013;12.866997;12.824929;0.21148537;
12.768013;12.866997;12.824929;0.21148537;
12.770515;12.866149;12.822587;0.20180154;
12.770515;12.866149;12.822587;0.20180154;
12.770515;12.866149;12.822587;0.20180154;
12.770515;12.866149;12.822587;0.20180154;
12.768597;12.867565;12.825896;0.21197668;
12.768597;12.867565;12.825896;0.21197668;
12.768597;12.867565;12.825896;0.21197668;
12.766339;12.868142;12.822366;0.21246238;
12.766339;12.868142;12.822366;0.21246238;
12.766339;12.868142;12.822366;0.21246238;
12.768054;12.870886;12.818659;0.20690718;
12.768054;12.870886;12.818659;0.20690718;
12.768054;12.870886;12.818659;0.20690718;
12.768054;12.870886;12.818659;0.20690718;
12.767241;12.869919;12.821348;0.21483655;
12.767241;12.869919;12.821348;0.21483655;
12.767241;12.869919;12.821348;0.21483655;
12.763108;12.874496;12.82099;0.20034997;
12.763108;12.874496;12.82099;0.20034997;
12.763108;12.874496;12.82099;0.20034997;
12.771886;12.865049;12.827929;0.2186489;
12.771886;12.865049;12.827929;0.2186489;
12.771886;12.865049;12.827929;0.2186489;
12.770672;12.865295;12.821012;0.2067337;
12.770672;12.865295;12.821012;0.2067337;
12.770672;12.865295;12.821012;0.2067337;
12.764556;12.874324;12.821081;0.21382746;
12.764556;12.874324;12.821081;0.21382746;
12.764556;12.874324;12.821081;0.21382746;
12.764556;12.874324;12.821081;0.21382746;
12.767699;12.874071;12.826063;0.20340399;
12.767699;12.874071;12.826063;0.20340399;
12.767699;12.874071;12.826063;0.20340399;
12.768684;12.871549;12.825901;0.20383373;
12.768684;12.871549;12.825901;0.20383373;
12.768684;12.871549;12.825901;0.20383373;
12.768684;12.871549;12.825901;0.20383373;
12.768411;12.872352;12.8196;0.20925912;
12.768411;12.872352;12.8196;0.20925912;
12.768411;12.872352;12.8196;0.20925912;
12.767042;12.872093;12.824129;0.20259379;
12.767042;12.872093;12.824129;0.20259379;
12.767042;12.872093;12.824129;0.20259379;
12.767042;12.872093;12.824129;0.20259379;
12.77085;12.868464;12.824233;0.21416056;
12.77085;12.868464;12.824233;0.21416056;
12.77085;12.868464;12.824233;0.21416056;
12.768616;12.86783;12.827282;0.20106541;
12.768616;12.86783;12.827282;0.20106541;
12.768616;12.86783;12.827282;0.20106541;
12.768616;12.86783;12.827282;0.20106541;
12.768787;12.871964;12.825356;0.2117371;
12.768787;12.871964;12.825356;0.2117371;
12.768787;12.871964;12.825356;0.2117371;
12.768787;12.871964;12.825356;0.2117371;
12.764813;12.865399;12.830779;0.19980063;
12.764813;12.865399;12.830779;0.19980063;
12.764813;12.865399;12.830779;0.19980063;
12.769176;12.86985;12.825337;0.21666786;
12.769176;12.86985;12.825337;0.21666786;
12.769176;12.86985;12.825337;0.21666786;
12.769176;12.86985;12.825337;0.21666786;
12.774199;12.870497;12.830649;0.20246197;
12.774199;12.870497;12.830649;0.20246197;
12.774199;12.870497;12.830649;0.20246197;
12.767211;12.870034;12.829621;0.217153;
12.767211;12.870034;12.829621;0.217153;
12.767211;12.870034;12.829621;0.217153;
12.767211;12.870034;12.829621;0.217153;
12.776324;12.869255;12.824245;0.20548955;
12.776324;12.869255;12.824245;0.20548955;
12.776324;12.869255;12.824245;0.20548955;
12.770955;12.870879;12.827014;0.20765249;
12.770955;12.870879;12.827014;0.20765249;
12.770955;12.870879;12.827014;0.20765249;
12.770955;12.870879;12.827014;0.20765249;
12.769596;12.867183;12.82182;0.38997957;
12.769596;12.867183;12.82182;0.38997957;
12.769596;12.867183;12.82182;0.38997957;
12.771219;12.868115;12.826709;0.2136073;
12.771219;12.868115;12.826709;0.2136073;
12.771219;12.868115;12.826709;0.2136073;
12.771219;12.868115;12.826709;0.2136073;
12.773324;12.869879;12.825097;0.21353452;
12.773324;12.869879;12.825097;0.21353452;
12.773324;12.869879;12.825097;0.21353452;
12.766418;12.866648;12.816816;0.51683313;
12.766418;12.866648;12.816816;0.51683313;
12.766418;12.866648;12.816816;0.51683313;
12.764873;12.858453;12.816007;0.72397035;
12.764873;12.858453;12.816007;0.72397035;
12.764873;12.858453;12.816007;0.72397035;
12.747314;12.851652;12.811959;1.2866527;
12.747314;12.851652;12.811959;1.2866527;
12.747314;12.851652;12.811959;1.2866527;
12.750062;12.8425;12.804989;1.3180853;
12.750062;12.8425;12.804989;1.3180853;
12.750062;12.8425;12.804989;1.3180853;
12.750062;12.8425;12.804989;1.3180853;
12.748741;12.845319;12.803667;1.3595425;
12.748741;12.845319;12.803667;1.3595425;
12.748741;12.845319;12.803667;1.3595425;
12.737218;12.832607;12.796783;1.7930508;
12.737218;12.832607;12.796783;1.7930508;
12.737218;12.832607;12.796783;1.7930508;
12.737218;12.832607;12.796783;1.7930508;
12.74083;12.845109;12.798452;1.2034746;
12.74083;12.845109;12.798452;1.2034746;
12.74083;12.845109;12.798452;1.2034746;
12.74083;12.845109;12.798452;1.2034746;
12.740888;12.840123;12.800597;1.0261778;
12.740888;12.840123;12.800597;1.0261778;
12.740888;12.840123;12.800597;1.0261778;
12.740888;12.840123;12.800597;1.0261778;
12.742738;12.836493;12.797289;1.2579062;
12.742738;12.836493;12.797289;1.2579062;
12.742738;12.836493;12.797289;1.2579062;
12.742738;12.836493;12.797289;1.2579062;
12.737544;12.830894;12.788603;1.4967895;
12.737544;12.830894;12.788603;1.4967895;
12.737544;12.830894;12.788603;1.4967895;
12.735521;12.83811;12.790754;1.3525116;
12.735521;12.83811;12.790754;1.3525116;
12.735521;12.83811;12.790754;1.3525116;
12.730044;12.828259;12.789794;1.5715724;
12.730044;12.828259;12.789794;1.5715724;
12.730044;12.828259;12.789794;1.5715724;
12.731649;12.822308;12.783723;1.7819208;
12.731649;12.822308;12.783723;1.7819208;
12.731649;12.822308;12.783723;1.7819208;
12.731649;12.822308;12.783723;1.7819208;
12.728189;12.820345;12.783748;1.4655653;
12.728189;12.820345;12.783748;1.4655653;
12.728189;12.820345;12.783748;1.4655653;
12.724512;12.827882;12.784036;1.3369768;
12.724512;12.827882;12.784036;1.3369768;
12.724512;12.827882;12.784036;1.3369768;
12.723112;12.824473;12.78864;1.5224762;
12.723112;12.824473;12.78864;1.5224762;
12.723112;12.824473;12.78864;1.5224762;
12.723112;12.824473;12.78864;1.5224762;
12.723112;12.824473;12.78864;1.5224762;
12.728697;12.819835;12.788478;1.2726243;
12.728697;12.819835;12.788478;1.2726243;
12.728697;12.819835;12.788478;1.2726243;
12.724782;12.824649;12.785181;1.1240015;
12.724782;12.824649;12.785181;1.1240015;
12.724782;12.824649;12.785181;1.1240015;
12.728299;12.824087;12.782284;1.1418726;
12.728299;12.824087;12.782284;1.1418726;
12.728299;12.824087;12.782284;1.1418726;
12.725327;12.82075;12.78283;1.2145422;
12.725327;12.82075;12.78283;1.2145422;
12.725327;12.82075;12.78283;1.2145422;
12.725327;12.82075;12.78283;1.2145422;
12.733925;12.819922;12.784649;1.2772232;
12.733925;12.819922;12.784649;1.2772232;
12.733925;12.819922;12.784649;1.2772232;
12.728152;12.820921;12.784925;1.3050785;
12.728152;12.820921;12.784925;1.3050785;
12.728152;12.820921;12.784925;1.3050785;
12.728152;12.820921;12.784925;1.3050785;
12.722143;12.823505;12.783023;1.2750227;
12.722143;12.823505;12.783023;1.2750227;
12.722143;12.823505;12.783023;1.2750227;
12.728386;12.824906;12.784584;1.0873202;
12.728386;12.824906;12.784584;1.0873202;
12.728386;12.824906;12.784584;1.0873202;
12.720109;12.816318;12.776;1.4496398;
12.720109;12.816318;12.776;1.4496398;
12.720109;12.816318;12.776;1.4496398;
12.720109;12.816318;12.776;1.4496398;
12.716426;12.813718;12.769319;1.7676632;
12.716426;12.813718;12.769319;1.7676632;
12.716426;12.813718;12.769319;1.7676632;
12.721909;12.818863;12.770103;1.4188327;
12.721909;12.818863;12.770103;1.4188327;
12.721909;12.818863;12.770103;1.4188327;
12.710084;12.813596;12.772611;1.7397875;
12.710084;12.813596;12.772611;1.7397875;
12.710084;12.813596;12.772611;1.7397875;
12.714566;12.812186;12.769742;1.5906997;
12.714566;12.812186;12.769742;1.5906997;
12.714566;12.812186;12.769742;1.5906997;
12.714566;12.812186;12.769742;1.5906997;
12.713586;12.80629;12.770189;1.8618561;
12.713586;12.80629;12.770189;1.8618561;
12.713586;12.80629;12.770189;1.8618561;
12.710549;12.810865;12.76139;1.6086009;
12.710549;12.810865;12.76139;1.6086009;
12.710549;12.810865;12.76139;1.6086009;
12.708218;12.809546;12.767197;1.4613603;
12.708218;12.809546;12.767197;1.4613603;
12.708218;12.809546;12.767197;1.4613603;
12.708218;12.809546;12.767197;1.4613603;
12.713212;12.808152;12.767163;1.4232998;
12.713212;12.808152;12.767163;1.4232998;
12.713212;12.808152;12.767163;1.4232998;
12.706855;12.806359;12.766652;1.7924299;
12.706855;12.806359;12.766652;1.7924299;
12.706855;12.806359;12.766652;1.7924299;
12.710923;12.808463;12.765983;1.3640183;
12.710923;12.808463;12.765983;1.3640183;
12.710923;12.808463;12.765983;1.3640183;
12.710835;12.807034;12.766489;1.3383257;
12.710835;12.807034;12.766489;1.3383257;
12.710835;12.807034;12.766489;1.3383257;
12.710835;12.807034;12.766489;1.3383257;
12.705215;12.802815;12.762945;1.7733519;
12.705215;12.802815;12.762945;1.7733519;
12.705215;12.802815;12.762945;1.7733519;
12.703601;12.804739;12.75882;1.548171;
12.703601;12.804739;12.75882;1.548171;
12.703601;12.804739;12.75882;1.548171;
12.703601;12.804739;12.75882;1.548171;
12.707072;12.802266;12.759574;1.3344287;
12.707072;12.802266;12.759574;1.3344287;
12.707072;12.802266;12.759574;1.3344287;
12.705453;12.802423;12.760248;1.5963612;
12.705453;12.802423;12.760248;1.5963612;
12.705453;12.802423;12.760248;1.5963612;
12.707075;12.805155;12.758065;1.5589406;
12.707075;12.805155;12.758065;1.5589406;
12.707075;12.805155;12.758065;1.5589406;
12.707075;12.805155;12.758065;1.5589406;
12.702847;12.800491;12.761627;1.3197333;
12.702847;12.800491;12.761627;1.3197333;
12.702847;12.800491;12.761627;1.3197333;
12.702847;12.800491;12.761627;1.3197333;
12.696381;12.800267;12.758284;1.5290924;
12.696381;12.800267;12.758284;1.5290924;
12.696381;12.800267;12.758284;1.5290924;
12.696381;12.800267;12.758284;1.5290924;
12.704432;12.797788;12.759237;1.6600357;
12.704432;12.797788;12.759237;1.6600357;
12.704432;12.797788;12.759237;1.6600357;
12.706206;12.800809;12.763632;1.3350759;
12.706206;12.800809;12.763632;1.3350759;
12.706206;12.800809;12.763632;1.3350759;
12.706206;12.800809;12.763632;1.3350759;
12.696496;12.7981;12.755975;1.6937102;
12.696496;12.7981;12.755975;1.6937102;
12.696496;12.7981;12.755975;1.6937102;
12.698221;12.80018;12.758175;1.3383543;
12.698221;12.80018;12.758175;1.3383543;
12.698221;12.80018;12.758175;1.3383543;
12.698221;12.80018;12.758175;1.3383543;
12.704806;12.799198;12.756104;1.3201305;
12.704806;12.799198;12.756104;1.3201305;
12.704806;12.799198;12.756104;1.3201305;
12.704806;12.799198;12.756104;1.3201305;
12.701701;12.793162;12.754186;1.6467112;
12.701701;12.793162;12.754186;1.6467112;
12.701701;12.793162;12.754186;1.6467112;
12.705315;12.797709;12.754331;1.5137216;
12.705315;12.797709;12.754331;1.5137216;
12.705315;12.797709;12.754331;1.5137216;
12.705315;12.797709;12.754331;1.5137216;
12.705514;12.793425;12.753593;1.5521766;
12.705514;12.793425;12.753593;1.5521766;
12.705514;12.793425;12.753593;1.5521766;
12.699891;12.791013;12.745823;1.4111826;
12.699891;12.791013;12.745823;1.4111826;
12.699891;12.791013;12.745823;1.4111826;
12.699891;12.791013;12.745823;1.4111826;
12.700906;12.796118;12.754434;1.314392;
12.700906;12.796118;12.754434;1.314392;
12.700906;12.796118;12.754434;1.314392;
12.693501;12.788522;12.75178;1.5173427;
12.693501;12.788522;12.75178;1.5173427;
12.693501;12.788522;12.75178;1.5173427;
12.693501;12.788522;12.75178;1.5173427;
12.696953;12.793025;12.751606;1.3133805;
12.696953;12.793025;12.751606;1.3133805;
12.696953;12.793025;12.751606;1.3133805;
12.696953;12.793025;12.751606;1.3133805;
12.698053;12.791647;12.746851;1.3258151;
12.698053;12.791647;12.746851;1.3258151;
12.698053;12.791647;12.746851;1.3258151;
12.694547;12.791118;12.747798;1.4492189;
12.694547;12.791118;12.747798;1.4492189;
12.694547;12.791118;12.747798;1.4492189;
12.694547;12.791118;12.747798;1.4492189;
12.696733;12.79421;12.743141;1.3262534;
12.696733;12.79421;12.743141;1.3262534;
12.696733;12.79421;12.743141;1.3262534;
12.695262;12.785627;12.745207;1.5846752;
12.695262;12.785627;12.745207;1.5846752;
12.695262;12.785627;12.745207;1.5846752;
12.695262;12.785627;12.745207;1.5846752;
12.694113;12.785231;12.747744;1.6343547;
12.694113;12.785231;12.747744;1.6343547;
12.694113;12.785231;12.747744;1.6343547;
12.694113;12.785231;12.747744;1.6343547;
12.697447;12.78382;12.743202;1.6650037;
12.697447;12.78382;12.743202;1.6650037;
12.697447;12.78382;12.743202;1.6650037;
12.694293;12.787247;12.745029;1.326961;
12.694293;12.787247;12.745029;1.326961;
12.694293;12.787247;12.745029;1.326961;
12.694293;12.787247;12.745029;1.326961;
12.696303;12.786115;12.745067;1.5460436;
12.696303;12.786115;12.745067;1.5460436;
12.696303;12.786115;12.745067;1.5460436;
12.696303;12.786115;12.745067;1.5460436;
12.69614;12.784792;12.74667;1.3890405;
12.69614;12.784792;12.74667;1.3890405;
12.69614;12.784792;12.74667;1.3890405;
12.69578;12.788754;12.746859;1.3229522;
12.69578;12.788754;12.746859;1.3229522;
12.69578;12.788754;12.746859;1.3229522;
12.69578;12.788754;12.746859;1.3229522;
12.692653;12.785436;12.751212;1.3171092;
12.692653;12.785436;12.751212;1.3171092;
12.692653;12.785436;12.751212;1.3171092;
12.690325;12.781335;12.741438;1.4167739;
12.690325;12.781335;12.741438;1.4167739;
12.690325;12.781335;12.741438;1.4167739;
12.695174;12.78219;12.741775;1.4163243;
12.695174;12.78219;12.741775;1.4163243;
12.695174;12.78219;12.741775;1.4163243;
12.695174;12.78219;12.741775;1.4163243;
12.698575;12.782497;12.748679;1.3139189;
12.698575;12.782497;12.748679;1.3139189;
12.698575;12.782497;12.748679;1.3139189;
12.698575;12.782497;12.748679;1.3139189;
12.691518;12.782825;12.735303;1.3176166;
12.691518;12.782825;12.735303;1.3176166;
12.691518;12.782825;12.735303;1.3176166;
12.695241;12.78315;12.741545;1.4881428;
12.695241;12.78315;12.741545;1.4881428;
12.695241;12.78315;12.741545;1.4881428;
12.695241;12.78315;12.741545;1.4881428;
12.690682;12.778592;12.740015;1.407838;
12.690682;12.778592;12.740015;1.407838;
12.690682;12.778592;12.740015;1.407838;
12.69561;12.778008;12.739787;1.5642906;
12.69561;12.778008;12.739787;1.5642906;
12.69561;12.778008;12.739787;1.5642906;
12.69561;12.778008;12.739787;1.5642906;
12.689313;12.77443;12.734709;1.9275129;
12.689313;12.77443;12.734709;1.9275129;
12.689313;12.77443;12.734709;1.9275129;
12.689313;12.77443;12.734709;1.9275129;
12.688787;12.776333;12.738555;1.3308817;
12.688787;12.776333;12.738555;1.3308817;
12.688787;12.776333;12.738555;1.3308817;
12.682832;12.773228;12.735283;1.4593993;
12.682832;12.773228;12.735283;1.4593993;
12.682832;12.773228;12.735283;1.4593993;
12.682832;12.773228;12.735283;1.4593993;
12.689919;12.780051;12.739112;1.4984434;
12.689919;12.780051;12.739112;1.4984434;
12.689919;12.780051;12.739112;1.4984434;
12.689919;12.780051;12.739112;1.4984434;
12.687933;12.778384;12.735856;1.5783143;
12.687933;12.778384;12.735856;1.5783143;
12.687933;12.778384;12.735856;1.5783143;
12.690146;12.779968;12.738796;1.3163551;
12.690146;12.779968;12.738796;1.3163551;
12.690146;12.779968;12.738796;1.3163551;
12.683535;12.779311;12.736572;1.5693048;
12.683535;12.779311;12.736572;1.5693048;
12.683535;12.779311;12.736572;1.5693048;
12.683535;12.779311;12.736572;1.5693048;
12.686666;12.774805;12.73498;1.3147755;
12.686666;12.774805;12.73498;1.3147755;
12.686666;12.774805;12.73498;1.3147755;
12.690059;12.779537;12.737121;1.4559605;
12.690059;12.779537;12.737121;1.4559605;
12.690059;12.779537;12.737121;1.4559605;
12.690024;12.778254;12.739191;1.3250469;
12.690024;12.778254;12.739191;1.3250469;
12.690024;12.778254;12.739191;1.3250469;
12.689022;12.772224;12.728021;1.6729708;
12.689022;12.772224;12.728021;1.6729708;
12.689022;12.772224;12.728021;1.6729708;
12.686207;12.776001;12.732405;1.6624771;
12.686207;12.776001;12.732405;1.6624771;
12.686207;12.776001;12.732405;1.6624771;
12.686207;12.776001;12.732405;1.6624771;
12.682194;12.772644;12.72803;1.6689436;
12.682194;12.772644;12.72803;1.6689436;
12.682194;12.772644;12.72803;1.6689436;
12.682194;12.772644;12.72803;1.6689436;
12.687106;12.780128;12.732409;1.3063067;
12.687106;12.780128;12.732409;1.3063067;
12.687106;12.780128;12.732409;1.3063067;
12.687106;12.780128;12.732409;1.3063067;
12.682569;12.777009;12.731378;1.3847221;
12.682569;12.777009;12.731378;1.3847221;
12.682569;12.777009;12.731378;1.3847221;
12.682569;12.777009;12.731378;1.3847221;
12.688286;12.774364;12.725372;1.3144424;
12.688286;12.774364;12.725372;1.3144424;
12.688286;12.774364;12.725372;1.3144424;
12.688286;12.774364;12.725372;1.3144424;
12.687029;12.774352;12.723841;1.4920878;
12.687029;12.774352;12.723841;1.4920878;
12.687029;12.774352;12.723841;1.4920878;
12.681632;12.772783;12.721081;1.5932591;
12.681632;12.772783;12.721081;1.5932591;
12.681632;12.772783;12.721081;1.5932591;
12.681632;12.772783;12.721081;1.5932591;
12.68449;12.777498;12.725863;1.3101017;
12.68449;12.777498;12.725863;1.3101017;
12.68449;12.777498;12.725863;1.3101017;
12.679466;12.771974;12.723058;1.5765407;
12.679466;12.771974;12.723058;1.5765407;
12.679466;12.771974;12.723058;1.5765407;
12.683812;12.771873;12.726097;1.5745479;
12.683812;12.771873;12.726097;1.5745479;
12.683812;12.771873;12.726097;1.5745479;
12.683812;12.771873;12.726097;1.5745479;
12.678427;12.774682;12.728067;1.4465898;
12.678427;12.774682;12.728067;1.4465898;
12.678427;12.774682;12.728067;1.4465898;
12.67767;12.769817;12.729155;1.3429983;
12.67767;12.769817;12.729155;1.3429983;
12.67767;12.769817;12.729155;1.3429983;
12.67767;12.769817;12.729155;1.3429983;
12.677789;12.774013;12.730324;1.3041812;
12.677789;12.774013;12.730324;1.3041812;
12.677789;12.774013;12.730324;1.3041812;
12.677789;12.774013;12.730324;1.3041812;
12.681194;12.774855;12.725184;1.3306586;
12.681194;12.774855;12.725184;1.3306586;
12.681194;12.774855;12.725184;1.3306586;
12.681194;12.774855;12.725184;1.3306586;
12.677102;12.766379;12.722578;1.4972905;
12.677102;12.766379;12.722578;1.4972905;
12.677102;12.766379;12.722578;1.4972905;
12.681892;12.770273;12.725272;1.6306809;
12.681892;12.770273;12.725272;1.6306809;
12.681892;12.770273;12.725272;1.6306809;
12.681892;12.770273;12.725272;1.6306809;
12.677956;12.770224;12.722194;1.3101668;
12.677956;12.770224;12.722194;1.3101668;
12.677956;12.770224;12.722194;1.3101668;
12.67915;12.769167;12.724347;1.5607717;
12.67915;12.769167;12.724347;1.5607717;
12.67915;12.769167;12.724347;1.5607717;
12.679583;12.766397;12.719775;1.6669509;
12.679583;12.766397;12.719775;1.6669509;
12.679583;12.766397;12.719775;1.6669509;
12.679583;12.766397;12.719775;1.6669509;
12.673452;12.763303;12.723688;1.6662067;
12.673452;12.763303;12.723688;1.6662067;
12.673452;12.763303;12.723688;1.6662067;
12.676896;12.765945;12.72296;1.5560503;
12.676896;12.765945;12.72296;1.5560503;
12.676896;12.765945;12.72296;1.5560503;
12.676896;12.765945;12.72296;1.5560503;
12.674981;12.765637;12.719922;1.312066;
12.674981;12.765637;12.719922;1.312066;
12.674981;12.765637;12.719922;1.312066;
12.674981;12.765637;12.719922;1.312066;
12.680844;12.766302;12.721315;1.3312546;
12.680844;12.766302;12.721315;1.3312546;
12.680844;12.766302;12.721315;1.3312546;
12.680844;12.766302;12.721315;1.3312546;
12.67676;12.771667;12.720573;1.3331972;
12.67676;12.771667;12.720573;1.3331972;
12.67676;12.771667;12.720573;1.3331972;
12.67676;12.771667;12.720573;1.3331972;
12.67821;12.770036;12.720992;1.3259439;
12.67821;12.770036;12.720992;1.3259439;
12.67821;12.770036;12.720992;1.3259439;
12.67821;12.770036;12.720992;1.3259439;
12.674095;12.764467;12.71806;1.6175698;
12.674095;12.764467;12.71806;1.6175698;
12.674095;12.764467;12.71806;1.6175698;
12.674095;12.764467;12.71806;1.6175698;
12.673036;12.76594;12.721626;1.3103539;
12.673036;12.76594;12.721626;1.3103539;
12.673036;12.76594;12.721626;1.3103539;
12.671816;12.762126;12.714543;1.9492637;
12.671816;12.762126;12.714543;1.9492637;
12.671816;12.762126;12.714543;1.9492637;
12.671816;12.762126;12.714543;1.9492637;
12.676909;12.763335;12.715776;1.6565599;
12.676909;12.763335;12.715776;1.6565599;
12.676909;12.763335;12.715776;1.6565599;
12.672254;12.763098;12.714136;1.5219361;
12.672254;12.763098;12.714136;1.5219361;
12.672254;12.763098;12.714136;1.5219361;
12.672254;12.763098;12.714136;1.5219361;
12.680934;12.763842;12.718801;1.5810373;
12.680934;12.763842;12.718801;1.5810373;
12.680934;12.763842;12.718801;1.5810373;
12.676802;12.763009;12.720653;1.6060011;
12.676802;12.763009;12.720653;1.6060011;
12.676802;12.763009;12.720653;1.6060011;
12.678314;12.76416;12.722156;1.3275759;
12.678314;12.76416;12.722156;1.3275759;
12.678314;12.76416;12.722156;1.3275759;
12.671762;12.768419;12.718983;1.3191302;
12.671762;12.768419;12.718983;1.3191302;
12.671762;12.768419;12.718983;1.3191302;
12.671762;12.768419;12.718983;1.3191302;
12.671042;12.764862;12.719743;1.3261935;
12.671042;12.764862;12.719743;1.3261935;
12.671042;12.764862;12.719743;1.3261935;
12.671449;12.764021;12.718575;1.3562032;
12.671449;12.764021;12.718575;1.3562032;
12.671449;12.764021;12.718575;1.3562032;
12.671449;12.764021;12.718575;1.3562032;
12.670218;12.762248;12.720898;1.3240124;
12.670218;12.762248;12.720898;1.3240124;
12.670218;12.762248;12.720898;1.3240124;
12.671433;12.762083;12.721411;1.460903;
12.671433;12.762083;12.721411;1.460903;
12.671433;12.762083;12.721411;1.460903;
12.672979;12.761515;12.721339;1.3599609;
12.672979;12.761515;12.721339;1.3599609;
12.672979;12.761515;12.721339;1.3599609;
12.672979;12.761515;12.721339;1.3599609;
12.674229;12.765529;12.717331;1.3051403;
12.674229;12.765529;12.717331;1.3051403;
12.674229;12.765529;12.717331;1.3051403;
12.674229;12.765529;12.717331;1.3051403;
12.667871;12.765469;12.716935;1.5836954;
12.667871;12.765469;12.716935;1.5836954;
12.667871;12.765469;12.716935;1.5836954;
12.671115;12.76551;12.725991;1.3211215;
12.671115;12.76551;12.725991;1.3211215;
12.671115;12.76551;12.725991;1.3211215;
12.66105;12.764319;12.724113;1.548625;
12.66105;12.764319;12.724113;1.548625;
12.66105;12.764319;12.724113;1.548625;
12.66105;12.764319;12.724113;1.548625;
12.667922;12.759048;12.717789;1.5753185;
12.667922;12.759048;12.717789;1.5753185;
12.667922;12.759048;12.717789;1.5753185;
12.667922;12.759048;12.717789;1.5753185;
12.674478;12.760036;12.717382;1.3147225;
12.674478;12.760036;12.717382;1.3147225;
12.674478;12.760036;12.717382;1.3147225;
12.675472;12.760447;12.717568;1.3178848;
12.675472;12.760447;12.717568;1.3178848;
12.675472;12.760447;12.717568;1.3178848;
12.670892;12.762198;12.715404;1.5070851;
12.670892;12.762198;12.715404;1.5070851;
12.670892;12.762198;12.715404;1.5070851;
12.670892;12.762198;12.715404;1.5070851;
12.674341;12.762633;12.71864;1.3343779;
12.674341;12.762633;12.71864;1.3343779;
12.674341;12.762633;12.71864;1.3343779;
12.674341;12.762633;12.71864;1.3343779;
12.667916;12.765063;12.71693;1.3230026;
12.667916;12.765063;12.71693;1.3230026;
12.667916;12.765063;12.71693;1.3230026;
12.669608;12.756301;12.713585;1.6259763;
12.669608;12.756301;12.713585;1.6259763;
12.669608;12.756301;12.713585;1.6259763;
12.675203;12.760596;12.71998;1.325541;
12.675203;12.760596;12.71998;1.325541;
12.675203;12.760596;12.71998;1.325541;
12.672527;12.76034;12.72047;1.3251184;
12.672527;12.76034;12.72047;1.3251184;
12.672527;12.76034;12.72047;1.3251184;
12.672527;12.76034;12.72047;1.3251184;
12.673486;12.759025;12.719104;1.3259791;
12.673486;12.759025;12.719104;1.3259791;
12.673486;12.759025;12.719104;1.3259791;
12.668195;12.756348;12.708006;1.6432662;
12.668195;12.756348;12.708006;1.6432662;
12.668195;12.756348;12.708006;1.6432662;
12.668195;12.756348;12.708006;1.6432662;
12.671295;12.759173;12.714504;1.4134687;
12.671295;12.759173;12.714504;1.4134687;
12.671295;12.759173;12.714504;1.4134687;
12.671295;12.759173;12.714504;1.4134687;
12.666378;12.759954;12.712628;1.5360155;
12.666378;12.759954;12.712628;1.5360155;
12.666378;12.759954;12.712628;1.5360155;
12.666527;12.758813;12.715529;1.3251832;
12.666527;12.758813;12.715529;1.3251832;
12.666527;12.758813;12.715529;1.3251832;
12.666527;12.758813;12.715529;1.3251832;
12.66607;12.754018;12.712859;1.5331142;
12.66607;12.754018;12.712859;1.5331142;
12.66607;12.754018;12.712859;1.5331142;
12.668885;12.756569;12.710939;1.4069039;
12.668885;12.756569;12.710939;1.4069039;
12.668885;12.756569;12.710939;1.4069039;
12.668885;12.756569;12.710939;1.4069039;
12.668725;12.75823;12.711672;1.3244636;
12.668725;12.75823;12.711672;1.3244636;
12.668725;12.75823;12.711672;1.3244636;
12.666061;12.756984;12.717567;1.3261113;
12.666061;12.756984;12.717567;1.3261113;
12.666061;12.756984;12.717567;1.3261113;
12.667152;12.754262;12.712516;1.3078016;
12.667152;12.754262;12.712516;1.3078016;
12.667152;12.754262;12.712516;1.3078016;
12.667152;12.754262;12.712516;1.3078016;
12.666356;12.754045;12.712366;1.3232223;
12.666356;12.754045;12.712366;1.3232223;
12.666356;12.754045;12.712366;1.3232223;
12.662475;12.754093;12.714216;1.3301065;
12.662475;12.754093;12.714216;1.3301065;
12.662475;12.754093;12.714216;1.3301065;
12.662475;12.754093;12.714216;1.3301065;
12.662628;12.75524;12.714045;1.3202317;
12.662628;12.75524;12.714045;1.3202317;
12.662628;12.75524;12.714045;1.3202317;
12.666122;12.754826;12.708953;1.6544019;
12.666122;12.754826;12.708953;1.6544019;
12.666122;12.754826;12.708953;1.6544019;
12.666122;12.754826;12.708953;1.6544019;
12.662767;12.752054;12.714252;1.3993622;
12.662767;12.752054;12.714252;1.3993622;
12.662767;12.752054;12.714252;1.3993622;
12.662767;12.752054;12.714252;1.3993622;
12.663979;12.751349;12.71179;1.55652;
12.663979;12.751349;12.71179;1.55652;
12.663979;12.751349;12.71179;1.55652;
12.668197;12.756876;12.712887;1.3370997;
12.668197;12.756876;12.712887;1.3370997;
12.668197;12.756876;12.712887;1.3370997;
12.668197;12.756876;12.712887;1.3370997;
12.662284;12.749461;12.705693;1.521668;
12.662284;12.749461;12.705693;1.521668;
12.662284;12.749461;12.705693;1.521668;
12.662189;12.753808;12.705738;1.4283425;
12.662189;12.753808;12.705738;1.4283425;
12.662189;12.753808;12.705738;1.4283425;
12.662189;12.753808;12.705738;1.4283425;
12.664166;12.748013;12.711695;1.3436513;
12.664166;12.748013;12.711695;1.3436513;
12.664166;12.748013;12.711695;1.3436513;
12.664166;12.748013;12.711695;1.3436513;
12.661462;12.757531;12.708951;1.3136561;
12.661462;12.757531;12.708951;1.3136561;
12.661462;12.757531;12.708951;1.3136561;
12.661462;12.757531;12.708951;1.3136561;
12.654312;12.754808;12.711349;1.5356933;
12.654312;12.754808;12.711349;1.5356933;
12.654312;12.754808;12.711349;1.5356933;
12.656381;12.748308;12.712085;1.6878376;
12.656381;12.748308;12.712085;1.6878376;
12.656381;12.748308;12.712085;1.6878376;
12.658251;12.745226;12.710565;1.3812648;
12.658251;12.745226;12.710565;1.3812648;
12.658251;12.745226;12.710565;1.3812648;
12.658251;12.745226;12.710565;1.3812648;
12.659405;12.751033;12.705878;1.669692;
12.659405;12.751033;12.705878;1.669692;
12.659405;12.751033;12.705878;1.669692;
12.664475;12.748476;12.703775;1.5037066;
12.664475;12.748476;12.703775;1.5037066;
12.664475;12.748476;12.703775;1.5037066;
12.65875;12.755911;12.709398;1.3053491;
12.65875;12.755911;12.709398;1.3053491;
12.65875;12.755911;12.709398;1.3053491;
12.65875;12.755911;12.709398;1.3053491;
12.66182;12.748404;12.702836;1.8532223;
12.66182;12.748404;12.702836;1.8532223;
12.66182;12.748404;12.702836;1.8532223;
12.66182;12.748404;12.702836;1.8532223;
12.65955;12.751075;12.710486;1.6702468;
12.65955;12.751075;12.710486;1.6702468;
12.65955;12.751075;12.710486;1.6702468;
12.662857;12.750041;12.711873;1.3285098;
12.662857;12.750041;12.711873;1.3285098;
12.662857;12.750041;12.711873;1.3285098;
12.662857;12.750041;12.711873;1.3285098;
12.662468;12.748984;12.707755;1.6615676;
12.662468;12.748984;12.707755;1.6615676;
12.662468;12.748984;12.707755;1.6615676;
12.662172;12.745546;12.710136;1.7533559;
12.662172;12.745546;12.710136;1.7533559;
12.662172;12.745546;12.710136;1.7533559;
12.662172;12.745546;12.710136;1.7533559;
12.667857;12.754722;12.712157;1.3101052;
12.667857;12.754722;12.712157;1.3101052;
12.667857;12.754722;12.712157;1.3101052;
12.667857;12.754722;12.712157;1.3101052;
12.662796;12.752327;12.703119;1.323471;
12.662796;12.752327;12.703119;1.323471;
12.662796;12.752327;12.703119;1.323471;
12.662796;12.752327;12.703119;1.323471;
12.662978;12.748631;12.704067;1.3353325;
12.662978;12.748631;12.704067;1.3353325;
12.662978;12.748631;12.704067;1.3353325;
12.662978;12.748631;12.704067;1.3353325;
12.663376;12.75071;12.704938;1.5457219;
12.663376;12.75071;12.704938;1.5457219;
12.663376;12.75071;12.704938;1.5457219;
12.663241;12.755178;12.710896;1.3124758;
12.663241;12.755178;12.710896;1.3124758;
12.663241;12.755178;12.710896;1.3124758;
12.663241;12.755178;12.710896;1.3124758;
12.657523;12.75764;12.703662;1.6001412;
12.657523;12.75764;12.703662;1.6001412;
12.657523;12.75764;12.703662;1.6001412;
12.664241;12.752132;12.704885;1.4799696;
12.664241;12.752132;12.704885;1.4799696;
12.664241;12.752132;12.704885;1.4799696;
12.664241;12.752132;12.704885;1.4799696;
12.660468;12.749772;12.703737;1.5881795;
12.660468;12.749772;12.703737;1.5881795;
12.660468;12.749772;12.703737;1.5881795;
12.660468;12.749772;12.703737;1.5881795;
12.665959;12.749991;12.706277;1.3185704;
12.665959;12.749991;12.706277;1.3185704;
12.665959;12.749991;12.706277;1.3185704;
12.664004;12.74542;12.703479;1.5728745;
12.664004;12.74542;12.703479;1.5728745;
12.664004;12.74542;12.703479;1.5728745;
12.664004;12.74542;12.703479;1.5728745;
12.664928;12.745347;12.704183;1.3208661;
12.664928;12.745347;12.704183;1.3208661;
12.664928;12.745347;12.704183;1.3208661;
12.659783;12.746702;12.707226;1.3259182;
12.659783;12.746702;12.707226;1.3259182;
12.659783;12.746702;12.707226;1.3259182;
12.659783;12.746702;12.707226;1.3259182;
12.658501;12.750187;12.701025;1.5785246;
12.658501;12.750187;12.701025;1.5785246;
12.658501;12.750187;12.701025;1.5785246;
12.658501;12.750187;12.701025;1.5785246;
12.663182;12.750433;12.701734;1.5944266;
12.663182;12.750433;12.701734;1.5944266;
12.663182;12.750433;12.701734;1.5944266;
12.653212;12.750504;12.698468;1.3165032;
12.653212;12.750504;12.698468;1.3165032;
12.653212;12.750504;12.698468;1.3165032;
12.660689;12.755061;12.697673;1.3125871;
12.660689;12.755061;12.697673;1.3125871;
12.660689;12.755061;12.697673;1.3125871;
12.660689;12.755061;12.697673;1.3125871;
12.657247;12.752161;12.698513;1.3330494;
12.657247;12.752161;12.698513;1.3330494;
12.657247;12.752161;12.698513;1.3330494;
12.657457;12.747565;12.693907;1.8173678;
12.657457;12.747565;12.693907;1.8173678;
12.657457;12.747565;12.693907;1.8173678;
12.656533;12.748177;12.699108;1.4720609;
12.656533;12.748177;12.699108;1.4720609;
12.656533;12.748177;12.699108;1.4720609;
12.65629;12.740058;12.698638;1.5304682;
12.65629;12.740058;12.698638;1.5304682;
12.65629;12.740058;12.698638;1.5304682;
12.660295;12.750062;12.702333;1.3162123;
12.660295;12.750062;12.702333;1.3162123;
12.660295;12.750062;12.702333;1.3162123;
12.660295;12.750062;12.702333;1.3162123;
12.660651;12.747526;12.703835;1.4233817;
12.660651;12.747526;12.703835;1.4233817;
12.660651;12.747526;12.703835;1.4233817;
12.660651;12.747526;12.703835;1.4233817;
12.657315;12.744241;12.702672;1.3177253;
12.657315;12.744241;12.702672;1.3177253;
12.657315;12.744241;12.702672;1.3177253;
12.655329;12.744104;12.703775;1.5003763;
12.655329;12.744104;12.703775;1.5003763;
12.655329;12.744104;12.703775;1.5003763;
12.655293;12.740871;12.701221;1.3447512;
12.655293;12.740871;12.701221;1.3447512;
12.655293;12.740871;12.701221;1.3447512;
12.655293;12.740871;12.701221;1.3447512;
12.658257;12.748673;12.699924;1.3240675;
12.658257;12.748673;12.699924;1.3240675;
12.658257;12.748673;12.699924;1.3240675;
12.658257;12.748673;12.699924;1.3240675;
12.65166;12.750679;12.703525;1.3074628;
12.65166;12.750679;12.703525;1.3074628;
12.65166;12.750679;12.703525;1.3074628;
12.646997;12.74264;12.696581;1.5858305;
12.646997;12.74264;12.696581;1.5858305;
12.646997;12.74264;12.696581;1.5858305;
12.653752;12.746281;12.702063;1.3093305;
12.653752;12.746281;12.702063;1.3093305;
12.653752;12.746281;12.702063;1.3093305;
12.648704;12.743855;12.699004;1.5918888;
12.648704;12.743855;12.699004;1.5918888;
12.648704;12.743855;12.699004;1.5918888;
12.652304;12.746477;12.699134;1.5802451;
12.652304;12.746477;12.699134;1.5802451;
12.652304;12.746477;12.699134;1.5802451;
12.652304;12.746477;12.699134;1.5802451;
12.653211;12.748252;12.699393;1.3219407;
12.653211;12.748252;12.699393;1.3219407;
12.653211;12.748252;12.699393;1.3219407;
12.653241;12.746504;12.704131;1.3173357;
12.653241;12.746504;12.704131;1.3173357;
12.653241;12.746504;12.704131;1.3173357;
12.649202;12.742127;12.695637;1.5762553;
12.649202;12.742127;12.695637;1.5762553;
12.649202;12.742127;12.695637;1.5762553;
12.649202;12.742127;12.695637;1.5762553;
12.634459;12.721216;12.683836;2.7991803;
12.634459;12.721216;12.683836;2.7991803;
12.634459;12.721216;12.683836;2.7991803;
12.634459;12.721216;12.683836;2.7991803;
12.629849;12.713025;12.670224;2.7980886;
12.629849;12.713025;12.670224;2.7980886;
12.629849;12.713025;12.670224;2.7980886;
12.613008;12.69592;12.655499;2.7998748;
12.613008;12.69592;12.655499;2.7998748;
12.613008;12.69592;12.655499;2.7998748;
12.619786;12.6988;12.659662;2.7997582;
12.619786;12.6988;12.659662;2.7997582;
12.619786;12.6988;12.659662;2.7997582;
12.62569;12.706046;12.670054;2.4405222;
12.62569;12.706046;12.670054;2.4405222;
12.62569;12.706046;12.670054;2.4405222;
12.62569;12.706046;12.670054;2.4405222;
12.619543;12.708277;12.666667;2.7863605;
12.619543;12.708277;12.666667;2.7863605;
12.619543;12.708277;12.666667;2.7863605;
12.63434;12.722011;12.676441;1.8629448;
12.63434;12.722011;12.676441;1.8629448;
12.63434;12.722011;12.676441;1.8629448;
12.63434;12.722011;12.676441;1.8629448;
12.634728;12.725338;12.680689;1.8544273;
12.634728;12.725338;12.680689;1.8544273;
12.634728;12.725338;12.680689;1.8544273;
12.634088;12.723414;12.678678;1.8845005;
12.634088;12.723414;12.678678;1.8845005;
12.634088;12.723414;12.678678;1.8845005;
12.634088;12.723414;12.678678;1.8845005;
12.633437;12.723467;12.677861;1.8761026;
12.633437;12.723467;12.677861;1.8761026;
12.633437;12.723467;12.677861;1.8761026;
12.633437;12.723467;12.677861;1.8761026;
12.632747;12.72222;12.675759;2.1457989;
12.632747;12.72222;12.675759;2.1457989;
12.632747;12.72222;12.675759;2.1457989;
12.632774;12.722079;12.677866;1.8704062;
12.632774;12.722079;12.677866;1.8704062;
12.632774;12.722079;12.677866;1.8704062;
12.632774;12.722079;12.677866;1.8704062;
12.632711;12.719324;12.674273;1.8709497;
12.632711;12.719324;12.674273;1.8709497;
12.632711;12.719324;12.674273;1.8709497;
12.632425;12.720016;12.678023;1.880113;
12.632425;12.720016;12.678023;1.880113;
12.632425;12.720016;12.678023;1.880113;
12.631276;12.72367;12.678254;1.850574;
12.631276;12.72367;12.678254;1.850574;
12.631276;12.72367;12.678254;1.850574;
12.631276;12.72367;12.678254;1.850574;
12.630383;12.71901;12.672549;1.8888663;
12.630383;12.71901;12.672549;1.8888663;
12.630383;12.71901;12.672549;1.8888663;
12.630383;12.71901;12.672549;1.8888663;
12.628999;12.716886;12.671542;2.1471848;
12.628999;12.716886;12.671542;2.1471848;
12.628999;12.716886;12.671542;2.1471848;
12.632235;12.716596;12.671287;2.0181921;
12.632235;12.716596;12.671287;2.0181921;
12.632235;12.716596;12.671287;2.0181921;
12.632235;12.716596;12.671287;2.0181921;
12.630342;12.714748;12.672064;2.2480958;
12.630342;12.714748;12.672064;2.2480958;
12.630342;12.714748;12.672064;2.2480958;
12.629807;12.718616;12.676833;1.8638391;
12.629807;12.718616;12.676833;1.8638391;
12.629807;12.718616;12.676833;1.8638391;
12.629807;12.718616;12.676833;1.8638391;
12.632108;12.714972;12.673778;1.8732766;
12.632108;12.714972;12.673778;1.8732766;
12.632108;12.714972;12.673778;1.8732766;
12.607328;12.689191;12.657304;2.7996781;
12.607328;12.689191;12.657304;2.7996781;
12.607328;12.689191;12.657304;2.7996781;
12.607328;12.689191;12.657304;2.7996781;
12.612869;12.695217;12.652852;2.7985692;
12.612869;12.695217;12.652852;2.7985692;
12.612869;12.695217;12.652852;2.7985692;
12.599525;12.679799;12.641927;2.8;
12.599525;12.679799;12.641927;2.8;
12.599525;12.679799;12.641927;2.8;
12.599525;12.679799;12.641927;2.8;
12.602432;12.680782;12.641808;2.7980294;
12.602432;12.680782;12.641808;2.7980294;
12.602432;12.680782;12.641808;2.7980294;
12.578732;12.656847;12.624462;2.8;
12.578732;12.656847;12.624462;2.8;
12.578732;12.656847;12.624462;2.8;
12.578732;12.656847;12.624462;2.8;
12.573397;12.654687;12.620574;2.8;
12.573397;12.654687;12.620574;2.8;
12.573397;12.654687;12.620574;2.8;
12.573397;12.654687;12.620574;2.8;
12.584484;12.668286;12.62562;2.7999854;
12.584484;12.668286;12.62562;2.7999854;
12.584484;12.668286;12.62562;2.7999854;
12.584484;12.668286;12.62562;2.7999854;
12.590014;12.671497;12.630904;2.7987459;
12.590014;12.671497;12.630904;2.7987459;
12.590014;12.671497;12.630904;2.7987459;
12.582974;12.664855;12.627717;2.7994721;
12.582974;12.664855;12.627717;2.7994721;
12.582974;12.664855;12.627717;2.7994721;
12.582974;12.664855;12.627717;2.7994721;
12.580748;12.666726;12.624304;2.7990568;
12.580748;12.666726;12.624304;2.7990568;
12.580748;12.666726;12.624304;2.7990568;
12.580748;12.666726;12.624304;2.7990568;
12.581355;12.660272;12.620134;2.7990601;
12.581355;12.660272;12.620134;2.7990601;
12.581355;12.660272;12.620134;2.7990601;
12.575412;12.650952;12.613934;2.7999983;
12.575412;12.650952;12.613934;2.7999983;
12.575412;12.650952;12.613934;2.7999983;
12.57985;12.658792;12.620565;2.7999723;
12.57985;12.658792;12.620565;2.7999723;
12.57985;12.658792;12.620565;2.7999723;
12.57985;12.658792;12.620565;2.7999723;
12.581471;12.661095;12.613652;2.7996013;
12.581471;12.661095;12.613652;2.7996013;
12.581471;12.661095;12.613652;2.7996013;
12.576651;12.660079;12.611856;2.7998633;
12.576651;12.660079;12.611856;2.7998633;
12.576651;12.660079;12.611856;2.7998633;
12.574709;12.65365;12.610808;2.7993789;
12.574709;12.65365;12.610808;2.7993789;
12.574709;12.65365;12.610808;2.7993789;
12.574709;12.65365;12.610808;2.7993789;
12.570766;12.655336;12.612106;2.7999475;
12.570766;12.655336;12.612106;2.7999475;
12.570766;12.655336;12.612106;2.7999475;
12.557471;12.644391;12.600358;2.8;
12.557471;12.644391;12.600358;2.8;
12.557471;12.644391;12.600358;2.8;
12.557471;12.644391;12.600358;2.8;
12.544625;12.623932;12.592754;2.8;
12.544625;12.623932;12.592754;2.8;
12.544625;12.623932;12.592754;2.8;
12.545316;12.623002;12.593356;2.8;
12.545316;12.623002;12.593356;2.8;
12.545316;12.623002;12.593356;2.8;
12.545316;12.623002;12.593356;2.8;
12.534912;12.619679;12.583017;2.8;
12.534912;12.619679;12.583017;2.8;
12.534912;12.619679;12.583017;2.8;
12.531301;12.615933;12.577292;2.8;
12.531301;12.615933;12.577292;2.8;
12.531301;12.615933;12.577292;2.8;
12.531301;12.615933;12.577292;2.8;
12.540297;12.62451;12.587596;2.7999442;
12.540297;12.62451;12.587596;2.7999442;
12.540297;12.62451;12.587596;2.7999442;
12.540297;12.62451;12.587596;2.7999442;
12.545309;12.629205;12.588824;2.8;
12.545309;12.629205;12.588824;2.8;
12.545309;12.629205;12.588824;2.8;
12.534125;12.613449;12.574317;2.7999508;
12.534125;12.613449;12.574317;2.7999508;
12.534125;12.613449;12.574317;2.7999508;
12.534125;12.613449;12.574317;2.7999508;
12.518508;12.597677;12.564679;2.8;
12.518508;12.597677;12.564679;2.8;
12.518508;12.597677;12.564679;2.8;
12.518508;12.597677;12.564679;2.8;
12.527708;12.613748;12.573453;2.8;
12.527708;12.613748;12.573453;2.8;
12.527708;12.613748;12.573453;2.8;
12.525056;12.595079;12.564004;2.8;
12.525056;12.595079;12.564004;2.8;
12.525056;12.595079;12.564004;2.8;
12.525056;12.595079;12.564004;2.8;
12.499424;12.57618;12.545766;2.8;
12.499424;12.57618;12.545766;2.8;
12.499424;12.57618;12.545766;2.8;
12.504074;12.582541;12.551795;2.8;
12.504074;12.582541;12.551795;2.8;
12.504074;12.582541;12.551795;2.8;
12.498806;12.579072;12.553469;2.8;
12.498806;12.579072;12.553469;2.8;
12.498806;12.579072;12.553469;2.8;
12.498806;12.579072;12.553469;2.8;
12.50571;12.585866;12.557936;2.8;
12.50571;12.585866;12.557936;2.8;
12.50571;12.585866;12.557936;2.8;
12.50571;12.585866;12.557936;2.8;
12.504875;12.58377;12.558349;2.8;
12.504875;12.58377;12.558349;2.8;
12.504875;12.58377;12.558349;2.8;
12.506026;12.580034;12.556715;2.8;
12.506026;12.580034;12.556715;2.8;
12.506026;12.580034;12.556715;2.8;
12.50494;12.575624;12.55118;2.8;
12.50494;12.575624;12.55118;2.8;
12.50494;12.575624;12.55118;2.8;
12.489035;12.562133;12.538672;2.8;
12.489035;12.562133;12.538672;2.8;
12.489035;12.562133;12.538672;2.8;
12.474667;12.545107;12.515788;2.8;
12.474667;12.545107;12.515788;2.8;
12.474667;12.545107;12.515788;2.8;
12.474667;12.545107;12.515788;2.8;
12.474667;12.545107;12.515788;2.8;
12.488864;12.561297;12.533187;2.8;
12.488864;12.561297;12.533187;2.8;
12.488864;12.561297;12.533187;2.8;
12.487035;12.564637;12.532071;2.8;
12.487035;12.564637;12.532071;2.8;
12.487035;12.564637;12.532071;2.8;
12.490893;12.565003;12.540034;2.8;
12.490893;12.565003;12.540034;2.8;
12.490893;12.565003;12.540034;2.8;
12.491778;12.56734;12.538906;2.8;
12.491778;12.56734;12.538906;2.8;
12.491778;12.56734;12.538906;2.8;
12.491778;12.56734;12.538906;2.8;
12.482836;12.557749;12.528012;2.8;
12.482836;12.557749;12.528012;2.8;
12.482836;12.557749;12.528012;2.8;
12.482836;12.557749;12.528012;2.8;
12.459589;12.540735;12.517283;2.8;
12.459589;12.540735;12.517283;2.8;
12.459589;12.540735;12.517283;2.8;
12.442523;12.526314;12.497958;2.8;
12.442523;12.526314;12.497958;2.8;
12.442523;12.526314;12.497958;2.8;
12.44571;12.516329;12.489935;2.8;
12.44571;12.516329;12.489935;2.8;
12.44571;12.516329;12.489935;2.8;
12.457672;12.535591;12.507224;2.8;
12.457672;12.535591;12.507224;2.8;
12.457672;12.535591;12.507224;2.8;
12.457672;12.535591;12.507224;2.8;
12.457501;12.531424;12.513484;2.8;
12.457501;12.531424;12.513484;2.8;
12.457501;12.531424;12.513484;2.8;
12.461034;12.540728;12.511838;2.8;
12.461034;12.540728;12.511838;2.8;
12.461034;12.540728;12.511838;2.8;
12.457207;12.533292;12.510319;2.8;
12.457207;12.533292;12.510319;2.8;
12.457207;12.533292;12.510319;2.8;
12.452167;12.526378;12.505925;2.8;
12.452167;12.526378;12.505925;2.8;
12.452167;12.526378;12.505925;2.8;
12.452167;12.526378;12.505925;2.8;
12.435144;12.507969;12.48784;2.8;
12.435144;12.507969;12.48784;2.8;
12.435144;12.507969;12.48784;2.8;
12.434237;12.512761;12.490067;2.8;
12.434237;12.512761;12.490067;2.8;
12.434237;12.512761;12.490067;2.8;
12.434237;12.512761;12.490067;2.8;
12.44414;12.518194;12.498507;2.8;
12.44414;12.518194;12.498507;2.8;
12.44414;12.518194;12.498507;2.8;
12.436848;12.511524;12.48332;2.8;
12.436848;12.511524;12.48332;2.8;
12.436848;12.511524;12.48332;2.8;
12.436848;12.511524;12.48332;2.8;
12.434496;12.51263;12.489387;2.8;
12.434496;12.51263;12.489387;2.8;
12.434496;12.51263;12.489387;2.8;
12.445096;12.517695;12.496017;2.8;
12.445096;12.517695;12.496017;2.8;
12.445096;12.517695;12.496017;2.8;
12.445096;12.517695;12.496017;2.8;
12.445096;12.517695;12.496017;2.8;
12.435958;12.516934;12.491735;2.8;
12.435958;12.516934;12.491735;2.8;
12.435958;12.516934;12.491735;2.8;
12.43429;12.515602;12.487354;2.8;
12.43429;12.515602;12.487354;2.8;
12.43429;12.515602;12.487354;2.8;
12.441562;12.516075;12.491013;2.8;
12.441562;12.516075;12.491013;2.8;
12.441562;12.516075;12.491013;2.8;
12.441562;12.516075;12.491013;2.8;
12.441562;12.516075;12.491013;2.8;
12.434931;12.509909;12.485784;2.8;
12.434931;12.509909;12.485784;2.8;
12.434931;12.509909;12.485784;2.8;
12.437863;12.508907;12.481629;2.8;
12.437863;12.508907;12.481629;2.8;
12.437863;12.508907;12.481629;2.8;
12.437863;12.508907;12.481629;2.8;
12.43497;12.506752;12.481848;2.8;
12.43497;12.506752;12.481848;2.8;
12.43497;12.506752;12.481848;2.8;
12.427896;12.496401;12.471001;2.8;
12.427896;12.496401;12.471001;2.8;
12.427896;12.496401;12.471001;2.8;
12.427615;12.494929;12.477345;2.8;
12.427615;12.494929;12.477345;2.8;
12.427615;12.494929;12.477345;2.8;
12.427615;12.494929;12.477345;2.8;
12.416907;12.482184;12.457724;2.8;
12.416907;12.482184;12.457724;2.8;
12.416907;12.482184;12.457724;2.8;
12.412459;12.487769;12.455469;2.8;
12.412459;12.487769;12.455469;2.8;
12.412459;12.487769;12.455469;2.8;
12.412459;12.487769;12.455469;2.8;
12.418912;12.497076;12.464661;2.8;
12.418912;12.497076;12.464661;2.8;
12.418912;12.497076;12.464661;2.8;
12.421467;12.494974;12.463001;2.8;
12.421467;12.494974;12.463001;2.8;
12.421467;12.494974;12.463001;2.8;
12.421467;12.494974;12.463001;2.8;
12.421204;12.493246;12.462477;2.8;
12.421204;12.493246;12.462477;2.8;
12.421204;12.493246;12.462477;2.8;
12.424801;12.49522;12.469096;2.8;
12.424801;12.49522;12.469096;2.8;
12.424801;12.49522;12.469096;2.8;
12.414455;12.49183;12.469173;2.8;
12.414455;12.49183;12.469173;2.8;
12.414455;12.49183;12.469173;2.8;
12.414455;12.49183;12.469173;2.8;
12.421918;12.488279;12.469217;2.8;
12.421918;12.488279;12.469217;2.8;
12.421918;12.488279;12.469217;2.8;
12.420068;12.490136;12.455975;2.8;
12.420068;12.490136;12.455975;2.8;
12.420068;12.490136;12.455975;2.8;
12.420068;12.490136;12.455975;2.8;
12.413653;12.480319;12.449656;2.8;
12.413653;12.480319;12.449656;2.8;
12.413653;12.480319;12.449656;2.8;
12.4101;12.483031;12.453257;2.8;
12.4101;12.483031;12.453257;2.8;
12.4101;12.483031;12.453257;2.8;
12.4101;12.483031;12.453257;2.8;
12.396173;12.458036;12.435225;2.8;
12.396173;12.458036;12.435225;2.8;
12.396173;12.458036;12.435225;2.8;
12.38454;12.449246;12.422454;2.8;
12.38454;12.449246;12.422454;2.8;
12.38454;12.449246;12.422454;2.8;
12.389996;12.456317;12.427627;2.8;
12.389996;12.456317;12.427627;2.8;
12.389996;12.456317;12.427627;2.8;
12.398584;12.467569;12.432694;2.8;
12.398584;12.467569;12.432694;2.8;
12.398584;12.467569;12.432694;2.8;
12.398584;12.467569;12.432694;2.8;
12.401861;12.470667;12.439767;2.8;
12.401861;12.470667;12.439767;2.8;
12.401861;12.470667;12.439767;2.8;
12.401861;12.470667;12.439767;2.8;
12.405802;12.471368;12.440115;2.8;
12.405802;12.471368;12.440115;2.8;
12.405802;12.471368;12.440115;2.8;
12.392409;12.461603;12.432321;2.8;
12.392409;12.461603;12.432321;2.8;
12.392409;12.461603;12.432321;2.8;
12.392409;12.461603;12.432321;2.8;
12.389813;12.450734;12.420405;2.8;
12.389813;12.450734;12.420405;2.8;
12.389813;12.450734;12.420405;2.8;
12.374377;12.430937;12.406755;2.8;
12.374377;12.430937;12.406755;2.8;
12.374377;12.430937;12.406755;2.8;
12.374377;12.430937;12.406755;2.8;
12.373674;12.442949;12.415727;2.8;
12.373674;12.442949;12.415727;2.8;
12.373674;12.442949;12.415727;2.8;
12.373674;12.442949;12.415727;2.8;
12.39131;12.457562;12.431948;2.8;
12.39131;12.457562;12.431948;2.8;
12.39131;12.457562;12.431948;2.8;
12.39131;12.457562;12.431948;2.8;
12.363388;12.430015;12.401885;2.8;
12.363388;12.430015;12.401885;2.8;
12.363388;12.430015;12.401885;2.8;
12.356314;12.41315;12.38952;2.8;
12.356314;12.41315;12.38952;2.8;
12.356314;12.41315;12.38952;2.8;
12.356835;12.421043;12.396317;2.8;
12.356835;12.421043;12.396317;2.8;
12.356835;12.421043;12.396317;2.8;
12.356835;12.421043;12.396317;2.8;
12.350191;12.411498;12.385106;2.8;
12.350191;12.411498;12.385106;2.8;
12.350191;12.411498;12.385106;2.8;
12.356184;12.41622;12.387834;2.8;
12.356184;12.41622;12.387834;2.8;
12.356184;12.41622;12.387834;2.8;
12.356184;12.41622;12.387834;2.8;
12.337264;12.39802;12.37203;2.8;
12.337264;12.39802;12.37203;2.8;
12.337264;12.39802;12.37203;2.8;
12.333326;12.389523;12.367948;2.8;
12.333326;12.389523;12.367948;2.8;
12.333326;12.389523;12.367948;2.8;
12.333326;12.389523;12.367948;2.8;
12.341286;12.404258;12.377047;2.8;
12.341286;12.404258;12.377047;2.8;
12.341286;12.404258;12.377047;2.8;
12.357552;12.432087;12.397866;2.8;
12.357552;12.432087;12.397866;2.8;
12.357552;12.432087;12.397866;2.8;
12.359872;12.430998;12.400698;2.8;
12.359872;12.430998;12.400698;2.8;
12.359872;12.430998;12.400698;2.8;
12.359872;12.430998;12.400698;2.8;
12.372295;12.432246;12.400378;2.8;
12.372295;12.432246;12.400378;2.8;
12.372295;12.432246;12.400378;2.8;
12.372295;12.432246;12.400378;2.8;
12.360802;12.424356;12.394989;2.8;
12.360802;12.424356;12.394989;2.8;
12.360802;12.424356;12.394989;2.8;
12.360802;12.424356;12.394989;2.8;
12.360533;12.424353;12.3981;2.8;
12.360533;12.424353;12.3981;2.8;
12.360533;12.424353;12.3981;2.8;
12.352431;12.412178;12.380169;2.8;
12.352431;12.412178;12.380169;2.8;
12.352431;12.412178;12.380169;2.8;
12.352431;12.412178;12.380169;2.8;
12.348528;12.407551;12.382015;2.8;
12.348528;12.407551;12.382015;2.8;
12.348528;12.407551;12.382015;2.8;
12.357018;12.4158;12.387403;2.8;
12.357018;12.4158;12.387403;2.8;
12.357018;12.4158;12.387403;2.8;
12.357018;12.4158;12.387403;2.8;
12.342221;12.400718;12.377697;2.8;
12.342221;12.400718;12.377697;2.8;
12.342221;12.400718;12.377697;2.8;
12.348161;12.409633;12.37762;2.8;
12.348161;12.409633;12.37762;2.8;
12.348161;12.409633;12.37762;2.8;
12.348161;12.409633;12.37762;2.8;
12.358199;12.427225;12.391545;2.8;
12.358199;12.427225;12.391545;2.8;
12.358199;12.427225;12.391545;2.8;
12.337165;12.398351;12.36478;2.8;
12.337165;12.398351;12.36478;2.8;
12.337165;12.398351;12.36478;2.8;
12.337165;12.398351;12.36478;2.8;
12.344096;12.404134;12.365465;2.8;
12.344096;12.404134;12.365465;2.8;
12.344096;12.404134;12.365465;2.8;
12.334249;12.394974;12.368278;2.8;
12.334249;12.394974;12.368278;2.8;
12.334249;12.394974;12.368278;2.8;
12.334249;12.394974;12.368278;2.8;
12.342649;12.405373;12.372795;2.8;
12.342649;12.405373;12.372795;2.8;
12.342649;12.405373;12.372795;2.8;
12.329728;12.392416;12.369611;2.8;
12.329728;12.392416;12.369611;2.8;
12.329728;12.392416;12.369611;2.8;
12.285459;12.328406;12.314919;2.8;
12.285459;12.328406;12.314919;2.8;
12.285459;12.328406;12.314919;2.8;
12.285459;12.328406;12.314919;2.8;
12.245201;12.287683;12.275651;2.8;
12.245201;12.287683;12.275651;2.8;
12.245201;12.287683;12.275651;2.8;
12.261047;12.308515;12.286842;2.8;
12.261047;12.308515;12.286842;2.8;
12.261047;12.308515;12.286842;2.8;
12.261047;12.308515;12.286842;2.8;
12.28782;12.341089;12.315432;2.8;
12.28782;12.341089;12.315432;2.8;
12.28782;12.341089;12.315432;2.8;
12.28782;12.341089;12.315432;2.8;
12.275173;12.318378;12.296969;2.8;
12.275173;12.318378;12.296969;2.8;
12.275173;12.318378;12.296969;2.8;
12.275173;12.318378;12.296969;2.8;
12.266309;12.313965;12.288896;2.8;
12.266309;12.313965;12.288896;2.8;
12.266309;12.313965;12.288896;2.8;
12.258955;12.307339;12.281568;2.8;
12.258955;12.307339;12.281568;2.8;
12.258955;12.307339;12.281568;2.8;
12.258955;12.307339;12.281568;2.8;
12.244406;12.287696;12.261879;2.8;
12.244406;12.287696;12.261879;2.8;
12.244406;12.287696;12.261879;2.8;
12.24386;12.286713;12.264958;2.8;
12.24386;12.286713;12.264958;2.8;
12.24386;12.286713;12.264958;2.8;
12.24386;12.286713;12.264958;2.8;
12.240225;12.281746;12.254319;2.8;
12.240225;12.281746;12.254319;2.8;
12.240225;12.281746;12.254319;2.8;
12.244419;12.294912;12.268991;2.8;
12.244419;12.294912;12.268991;2.8;
12.244419;12.294912;12.268991;2.8;
12.244419;12.294912;12.268991;2.8;
12.25062;12.297201;12.264922;2.8;
12.25062;12.297201;12.264922;2.8;
12.25062;12.297201;12.264922;2.8;
12.258627;12.313774;12.285059;2.8;
12.258627;12.313774;12.285059;2.8;
12.258627;12.313774;12.285059;2.8;
12.258627;12.313774;12.285059;2.8;
12.275704;12.330319;12.304664;2.8;
12.275704;12.330319;12.304664;2.8;
12.275704;12.330319;12.304664;2.8;
12.241142;12.282264;12.259059;2.8;
12.241142;12.282264;12.259059;2.8;
12.241142;12.282264;12.259059;2.8;
12.241142;12.282264;12.259059;2.8;
12.236693;12.282285;12.260971;2.8;
12.236693;12.282285;12.260971;2.8;
12.236693;12.282285;12.260971;2.8;
12.178916;12.213432;12.189536;2.8;
12.178916;12.213432;12.189536;2.8;
12.178916;12.213432;12.189536;2.8;
12.198915;12.240611;12.22014;2.8;
12.198915;12.240611;12.22014;2.8;
12.198915;12.240611;12.22014;2.8;
12.198915;12.240611;12.22014;2.8;
12.223164;12.266064;12.250104;2.8;
12.223164;12.266064;12.250104;2.8;
12.223164;12.266064;12.250104;2.8;
12.258883;12.317644;12.292619;2.8;
12.258883;12.317644;12.292619;2.8;
12.258883;12.317644;12.292619;2.8;
12.270523;12.327202;12.299645;2.8;
12.270523;12.327202;12.299645;2.8;
12.270523;12.327202;12.299645;2.8;
12.272397;12.332785;12.303138;2.8;
12.272397;12.332785;12.303138;2.8;
12.272397;12.332785;12.303138;2.8;
12.272397;12.332785;12.303138;2.8;
12.292452;12.3489;12.31073;2.8;
12.292452;12.3489;12.31073;2.8;
12.292452;12.3489;12.31073;2.8;
12.285388;12.350414;12.313155;2.8;
12.285388;12.350414;12.313155;2.8;
12.285388;12.350414;12.313155;2.8;
12.3004;12.356148;12.325397;2.8;
12.3004;12.356148;12.325397;2.8;
12.3004;12.356148;12.325397;2.8;
12.30014;12.355206;12.319685;2.8;
12.30014;12.355206;12.319685;2.8;
12.30014;12.355206;12.319685;2.8;
12.30014;12.355206;12.319685;2.8;
12.306913;12.374936;12.332992;2.8;
12.306913;12.374936;12.332992;2.8;
12.306913;12.374936;12.332992;2.8;
12.307698;12.369986;12.33188;2.8;
12.307698;12.369986;12.33188;2.8;
12.307698;12.369986;12.33188;2.8;
12.307698;12.369986;12.33188;2.8;
12.31332;12.37544;12.337307;2.8;
12.31332;12.37544;12.337307;2.8;
12.31332;12.37544;12.337307;2.8;
12.318085;12.381109;12.340375;2.8;
12.318085;12.381109;12.340375;2.8;
12.318085;12.381109;12.340375;2.8;
12.315024;12.380268;12.343121;2.8;
12.315024;12.380268;12.343121;2.8;
12.315024;12.380268;12.343121;2.8;
12.315024;12.380268;12.343121;2.8;
12.32098;12.38465;12.344006;2.8;
12.32098;12.38465;12.344006;2.8;
12.32098;12.38465;12.344006;2.8;
12.324457;12.378046;12.345376;2.8;
12.324457;12.378046;12.345376;2.8;
12.324457;12.378046;12.345376;2.8;
12.324457;12.378046;12.345376;2.8;
12.324355;12.380975;12.350455;2.8;
12.324355;12.380975;12.350455;2.8;
12.324355;12.380975;12.350455;2.8;
12.32387;12.384998;12.352052;2.8;
12.32387;12.384998;12.352052;2.8;
12.32387;12.384998;12.352052;2.8;
12.328576;12.388914;12.351582;2.8;
12.328576;12.388914;12.351582;2.8;
12.328576;12.388914;12.351582;2.8;
12.327125;12.391812;12.356672;2.8;
12.327125;12.391812;12.356672;2.8;
12.327125;12.391812;12.356672;2.8;
12.327125;12.391812;12.356672;2.8;
12.328816;12.390041;12.357737;2.8;
12.328816;12.390041;12.357737;2.8;
12.328816;12.390041;12.357737;2.8;
12.328592;12.380534;12.349087;2.8;
12.328592;12.380534;12.349087;2.8;
12.328592;12.380534;12.349087;2.8;
12.328592;12.380534;12.349087;2.8;
12.329592;12.394243;12.354468;2.8;
12.329592;12.394243;12.354468;2.8;
12.329592;12.394243;12.354468;2.8;
12.325442;12.392341;12.350362;2.8;
12.325442;12.392341;12.350362;2.8;
12.325442;12.392341;12.350362;2.8;
12.325442;12.392341;12.350362;2.8;
12.328264;12.3976;12.356468;2.8;
12.328264;12.3976;12.356468;2.8;
12.328264;12.3976;12.356468;2.8;
12.328264;12.3976;12.356468;2.8;
12.326229;12.40235;12.354425;2.8;
12.326229;12.40235;12.354425;2.8;
12.326229;12.40235;12.354425;2.8;
12.333102;12.393623;12.353816;2.8;
12.333102;12.393623;12.353816;2.8;
12.333102;12.393623;12.353816;2.8;
12.333102;12.393623;12.353816;2.8;
12.33284;12.392152;12.355178;2.8;
12.33284;12.392152;12.355178;2.8;
12.33284;12.392152;12.355178;2.8;
12.333658;12.396666;12.35711;2.8;
12.333658;12.396666;12.35711;2.8;
12.333658;12.396666;12.35711;2.8;
12.337446;12.399978;12.36105;2.8;
12.337446;12.399978;12.36105;2.8;
12.337446;12.399978;12.36105;2.8;
12.337446;12.399978;12.36105;2.8;
12.338644;12.393675;12.356665;2.8;
12.338644;12.393675;12.356665;2.8;
12.338644;12.393675;12.356665;2.8;
12.335188;12.398673;12.359455;2.8;
12.335188;12.398673;12.359455;2.8;
12.335188;12.398673;12.359455;2.8;
12.335188;12.398673;12.359455;2.8;
12.333271;12.393675;12.35253;2.8;
12.333271;12.393675;12.35253;2.8;
12.333271;12.393675;12.35253;2.8;
12.333398;12.391169;12.355696;2.8;
12.333398;12.391169;12.355696;2.8;
12.333398;12.391169;12.355696;2.8;
12.334454;12.396258;12.352974;2.8;
12.334454;12.396258;12.352974;2.8;
12.334454;12.396258;12.352974;2.8;
12.334454;12.396258;12.352974;2.8;
12.340172;12.396358;12.35545;2.8;
12.340172;12.396358;12.35545;2.8;
12.340172;12.396358;12.35545;2.8;
12.339292;12.393505;12.353608;2.8;
12.339292;12.393505;12.353608;2.8;
12.339292;12.393505;12.353608;2.8;
12.341343;12.393577;12.347975;2.8;
12.341343;12.393577;12.347975;2.8;
12.341343;12.393577;12.347975;2.8;
12.341343;12.393577;12.347975;2.8;
12.335516;12.393489;12.349188;2.8;
12.335516;12.393489;12.349188;2.8;
12.335516;12.393489;12.349188;2.8;
12.336054;12.39335;12.356873;2.8;
12.336054;12.39335;12.356873;2.8;
12.336054;12.39335;12.356873;2.8;
12.336054;12.39335;12.356873;2.8;
12.333547;12.38656;12.348149;2.8;
12.333547;12.38656;12.348149;2.8;
12.333547;12.38656;12.348149;2.8;
12.328625;12.386199;12.341721;2.8;
12.328625;12.386199;12.341721;2.8;
12.328625;12.386199;12.341721;2.8;
12.33147;12.389496;12.349685;2.8;
12.33147;12.389496;12.349685;2.8;
12.33147;12.389496;12.349685;2.8;
12.33147;12.389496;12.349685;2.8;
12.333702;12.389445;12.35071;2.8;
12.333702;12.389445;12.35071;2.8;
12.333702;12.389445;12.35071;2.8;
12.325225;12.381872;12.346393;2.8;
12.325225;12.381872;12.346393;2.8;
12.325225;12.381872;12.346393;2.8;
12.325225;12.381872;12.346393;2.8;
12.319412;12.373956;12.338556;2.8;
12.319412;12.373956;12.338556;2.8;
12.319412;12.373956;12.338556;2.8;
12.319412;12.373956;12.338556;2.8;
12.315128;12.3717;12.3366;2.8;
12.315128;12.3717;12.3366;2.8;
12.315128;12.3717;12.3366;2.8;
12.315128;12.3717;12.3366;2.8;
12.307241;12.362958;12.330748;2.8;
12.307241;12.362958;12.330748;2.8;
12.307241;12.362958;12.330748;2.8;
12.293222;12.353013;12.320589;2.8;
12.293222;12.353013;12.320589;2.8;
12.293222;12.353013;12.320589;2.8;
12.283563;12.34053;12.306236;2.8;
12.283563;12.34053;12.306236;2.8;
12.283563;12.34053;12.306236;2.8;
12.283563;12.34053;12.306236;2.8;
12.27223;12.323465;12.293593;2.8;
12.27223;12.323465;12.293593;2.8;
12.27223;12.323465;12.293593;2.8;
12.263846;12.319901;12.287683;2.8;
12.263846;12.319901;12.287683;2.8;
12.263846;12.319901;12.287683;2.8;
12.259263;12.311677;12.277813;2.8;
12.259263;12.311677;12.277813;2.8;
12.259263;12.311677;12.277813;2.8;
12.26366;12.316985;12.285852;2.8;
12.26366;12.316985;12.285852;2.8;
12.26366;12.316985;12.285852;2.8;
12.26366;12.316985;12.285852;2.8;
12.245773;12.2938;12.264967;2.8;
12.245773;12.2938;12.264967;2.8;
12.245773;12.2938;12.264967;2.8;
12.239039;12.279388;12.255393;2.8;
12.239039;12.279388;12.255393;2.8;
12.239039;12.279388;12.255393;2.8;
12.239039;12.279388;12.255393;2.8;
12.238382;12.284722;12.258192;2.8;
12.238382;12.284722;12.258192;2.8;
12.238382;12.284722;12.258192;2.8;
12.218795;12.267046;12.23947;2.8;
12.218795;12.267046;12.23947;2.8;
12.218795;12.267046;12.23947;2.8;
12.218795;12.267046;12.23947;2.8;
12.225397;12.264335;12.240197;2.8;
12.225397;12.264335;12.240197;2.8;
12.225397;12.264335;12.240197;2.8;
12.210937;12.257526;12.228017;2.8;
12.210937;12.257526;12.228017;2.8;
12.210937;12.257526;12.228017;2.8;
12.210937;12.257526;12.228017;2.8;
12.207506;12.251608;12.222357;2.8;
12.207506;12.251608;12.222357;2.8;
12.207506;12.251608;12.222357;2.8;
12.207506;12.251608;12.222357;2.8;
12.209847;12.25497;12.222455;2.8;
12.209847;12.25497;12.222455;2.8;
12.209847;12.25497;12.222455;2.8;
12.197631;12.239115;12.21068;2.8;
12.197631;12.239115;12.21068;2.8;
12.197631;12.239115;12.21068;2.8;
12.197631;12.239115;12.21068;2.8;
12.193542;12.243996;12.209598;2.8;
12.193542;12.243996;12.209598;2.8;
12.188383;12.232641;12.202613;2.8;
12.188383;12.232641;12.202613;2.8;
12.188383;12.232641;12.202613;2.8;
12.188383;12.232641;12.202613;2.8;
12.176937;12.212533;12.180084;2.8;
12.176937;12.212533;12.180084;2.8;
12.176937;12.212533;12.180084;2.8;
12.176937;12.212533;12.180084;2.8;
12.166509;12.202627;12.180452;2.8;
12.166509;12.202627;12.180452;2.8;
12.166509;12.202627;12.180452;2.8;
12.156456;12.196259;12.168633;2.8;
12.156456;12.196259;12.168633;2.8;
12.156456;12.196259;12.168633;2.8;
12.155313;12.189217;12.156115;2.8;
12.155313;12.189217;12.156115;2.8;
12.155313;12.189217;12.156115;2.8;
12.149227;12.183948;12.154131;2.8;
12.149227;12.183948;12.154131;2.8;
12.149227;12.183948;12.154131;2.8;
12.143983;12.177911;12.147151;2.8;
12.143983;12.177911;12.147151;2.8;
12.143983;12.177911;12.147151;2.8;
12.143983;12.177911;12.147151;2.8;
12.127667;12.15342;12.129229;2.8;
12.127667;12.15342;12.129229;2.8;
12.127667;12.15342;12.129229;2.8;
12.127667;12.15342;12.129229;2.8;
12.111113;12.133904;12.107351;2.8;
12.111113;12.133904;12.107351;2.8;
12.111113;12.133904;12.107351;2.8;
12.111113;12.133904;12.107351;2.8;
12.087057;12.111417;12.088699;2.8;
12.087057;12.111417;12.088699;2.8;
12.087057;12.111417;12.088699;2.8;
12.070487;12.09382;12.074463;2.8;
12.070487;12.09382;12.074463;2.8;
12.070487;12.09382;12.074463;2.8;
12.052094;12.073196;12.056135;2.8;
12.052094;12.073196;12.056135;2.8;
12.052094;12.073196;12.056135;2.8;
12.04274;12.068463;12.042869;2.8;
12.04274;12.068463;12.042869;2.8;
12.04274;12.068463;12.042869;2.8;
12.04274;12.068463;12.042869;2.8;
12.039762;12.06337;12.033835;2.8;
12.039762;12.06337;12.033835;2.8;
12.039762;12.06337;12.033835;2.8;
12.032713;12.046365;12.022408;2.8;
12.032713;12.046365;12.022408;2.8;
12.032713;12.046365;12.022408;2.8;
12.032713;12.046365;12.022408;2.8;
12.016358;12.036573;12.011851;2.8;
12.016358;12.036573;12.011851;2.8;
12.016358;12.036573;12.011851;2.8;
12.016358;12.036573;12.011851;2.8;
11.994842;12.014304;11.988384;2.8;
11.994842;12.014304;11.988384;2.8;
11.994842;12.014304;11.988384;2.8;
11.994842;12.014304;11.988384;2.8;
11.978929;11.992659;11.970344;2.8;
11.978929;11.992659;11.970344;2.8;
11.978929;11.992659;11.970344;2.8;
11.978929;11.992659;11.970344;2.8;
11.964128;11.97317;11.953526;2.8;
11.964128;11.97317;11.953526;2.8;
11.964128;11.97317;11.953526;2.8;
11.964128;11.97317;11.953526;2.8;
11.957965;11.961574;11.948586;2.8;
11.957965;11.961574;11.948586;2.8;
11.957965;11.961574;11.948586;2.8;
11.957965;11.961574;11.948586;2.8;
11.950635;11.956898;11.933749;2.8;
11.950635;11.956898;11.933749;2.8;
11.950635;11.956898;11.933749;2.8;
11.950635;11.956898;11.933749;2.8;
11.946895;11.95419;11.931991;2.8;
11.946895;11.95419;11.931991;2.8;
11.946895;11.95419;11.931991;2.8;
11.946895;11.95419;11.931991;2.8;
11.941656;11.952745;11.93083;2.8;
11.941656;11.952745;11.93083;2.8;
11.941656;11.952745;11.93083;2.8;
11.943335;11.93782;11.926243;2.8;
11.943335;11.93782;11.926243;2.8;
11.943335;11.93782;11.926243;2.8;
11.943335;11.93782;11.926243;2.8;
11.93073;11.934402;11.916543;2.8;
11.93073;11.934402;11.916543;2.8;
11.93073;11.934402;11.916543;2.8;
11.919645;11.925264;11.913615;2.8;
11.919645;11.925264;11.913615;2.8;
11.919645;11.925264;11.913615;2.8;
11.91416;11.91807;11.902178;2.8;
11.91416;11.91807;11.902178;2.8;
11.91416;11.91807;11.902178;2.8;
11.91416;11.91807;11.902178;2.8;
11.909107;11.908625;11.897385;2.8;
11.909107;11.908625;11.897385;2.8;
11.909107;11.908625;11.897385;2.8;
11.906588;11.898846;11.883258;2.8;
11.906588;11.898846;11.883258;2.8;
11.906588;11.898846;11.883258;2.8;
11.896522;11.891733;11.877103;2.8;
11.896522;11.891733;11.877103;2.8;
11.896522;11.891733;11.877103;2.8;
11.896522;11.891733;11.877103;2.8;
11.887106;11.890575;11.872587;2.8;
11.887106;11.890575;11.872587;2.8;
11.887106;11.890575;11.872587;2.8;
11.887106;11.890575;11.872587;2.8;
11.884687;11.882228;11.870697;2.8;
11.884687;11.882228;11.870697;2.8;
11.884687;11.882228;11.870697;2.8;
11.877993;11.875994;11.866445;2.8;
11.877993;11.875994;11.866445;2.8;
11.877993;11.875994;11.866445;2.8;
11.877993;11.875994;11.866445;2.8;
11.866036;11.866233;11.855299;2.8;
11.866036;11.866233;11.855299;2.8;
11.866036;11.866233;11.855299;2.8;
11.862023;11.864722;11.855661;2.8;
11.862023;11.864722;11.855661;2.8;
11.862023;11.864722;11.855661;2.8;
11.862023;11.864722;11.855661;2.8;
11.855472;11.855804;11.846812;2.8;
11.855472;11.855804;11.846812;2.8;
11.855472;11.855804;11.846812;2.8;
11.859623;11.853141;11.846678;2.8;
11.859623;11.853141;11.846678;2.8;
11.859623;11.853141;11.846678;2.8;
11.853511;11.844084;11.837003;2.8;
11.853511;11.844084;11.837003;2.8;
11.853511;11.844084;11.837003;2.8;
11.853511;11.844084;11.837003;2.8;
11.845296;11.84255;11.835176;2.8;
11.845296;11.84255;11.835176;2.8;
11.845296;11.84255;11.835176;2.8;
11.858318;11.845075;11.839925;2.8;
11.858318;11.845075;11.839925;2.8;
11.858318;11.845075;11.839925;2.8;
11.858318;11.845075;11.839925;2.8;
11.848269;11.846535;11.836879;2.8;
11.848269;11.846535;11.836879;2.8;
11.848269;11.846535;11.836879;2.8;
11.849014;11.841747;11.84207;2.8;
11.849014;11.841747;11.84207;2.8;
11.849014;11.841747;11.84207;2.8;
11.849014;11.841747;11.84207;2.8;
11.857364;11.841558;11.843059;2.8;
11.857364;11.841558;11.843059;2.8;
11.857364;11.841558;11.843059;2.8;
11.835342;11.831446;11.832784;2.8;
11.835342;11.831446;11.832784;2.8;
11.835342;11.831446;11.832784;2.8;
11.835342;11.831446;11.832784;2.8;
11.832515;11.822587;11.816542;2.8;
11.832515;11.822587;11.816542;2.8;
11.832515;11.822587;11.816542;2.8;
11.808963;11.79877;11.803664;2.8;
11.808963;11.79877;11.803664;2.8;
11.808963;11.79877;11.803664;2.8;
11.808963;11.79877;11.803664;2.8;
11.788745;11.782516;11.786993;2.8;
11.788745;11.782516;11.786993;2.8;
11.788745;11.782516;11.786993;2.8;
11.778131;11.762798;11.765194;2.8;
11.778131;11.762798;11.765194;2.8;
11.778131;11.762798;11.765194;2.8;
11.778131;11.762798;11.765194;2.8;
11.761373;11.741086;11.743371;2.8;
11.761373;11.741086;11.743371;2.8;
11.761373;11.741086;11.743371;2.8;
11.745305;11.727116;11.733795;2.8;
11.745305;11.727116;11.733795;2.8;
11.745305;11.727116;11.733795;2.8;
11.745305;11.727116;11.733795;2.8;
11.731383;11.71327;11.720108;2.8;
11.731383;11.71327;11.720108;2.8;
11.731383;11.71327;11.720108;2.8;
11.72461;11.7067;11.714909;2.8;
11.72461;11.7067;11.714909;2.8;
11.72461;11.7067;11.714909;2.8;
11.72461;11.7067;11.714909;2.8;
11.709692;11.692923;11.703099;2.8;
11.709692;11.692923;11.703099;2.8;
11.709692;11.692923;11.703099;2.8;
11.700129;11.677721;11.695325;2.8;
11.700129;11.677721;11.695325;2.8;
11.700129;11.677721;11.695325;2.8;
11.700129;11.677721;11.695325;2.8;
11.694544;11.672503;11.685614;2.8;
11.694544;11.672503;11.685614;2.8;
11.694544;11.672503;11.685614;2.8;
11.694544;11.672503;11.685614;2.8;
11.695938;11.665025;11.676403;2.8;
11.695938;11.665025;11.676403;2.8;
11.695938;11.665025;11.676403;2.8;
11.678319;11.654042;11.670654;2.8;
11.678319;11.654042;11.670654;2.8;
11.678319;11.654042;11.670654;2.8;
11.67454;11.65556;11.675327;2.8;
11.67454;11.65556;11.675327;2.8;
11.67454;11.65556;11.675327;2.8;
11.67454;11.65556;11.675327;2.8;
11.668224;11.644073;11.668857;2.8;
11.668224;11.644073;11.668857;2.8;
11.668224;11.644073;11.668857;2.8;
11.66361;11.641481;11.663285;2.8;
11.66361;11.641481;11.663285;2.8;
11.66361;11.641481;11.663285;2.8;
11.667939;11.637595;11.658384;2.8;
11.667939;11.637595;11.658384;2.8;
11.667939;11.637595;11.658384;2.8;
11.667939;11.637595;11.658384;2.8;
11.660558;11.633599;11.663883;2.8;
11.660558;11.633599;11.663883;2.8;
11.660558;11.633599;11.663883;2.8;
11.6558;11.632152;11.651893;2.8;
11.6558;11.632152;11.651893;2.8;
11.6558;11.632152;11.651893;2.8;
11.653836;11.629477;11.656541;2.8;
11.653836;11.629477;11.656541;2.8;
11.653836;11.629477;11.656541;2.8;
11.653836;11.629477;11.656541;2.8;
11.649133;11.62789;11.652899;2.8;
11.649133;11.62789;11.652899;2.8;
11.649133;11.62789;11.652899;2.8;
11.653173;11.628135;11.654739;2.8;
11.653173;11.628135;11.654739;2.8;
11.653173;11.628135;11.654739;2.8;
11.647794;11.623663;11.650651;2.8;
11.647794;11.623663;11.650651;2.8;
11.647794;11.623663;11.650651;2.8;
11.647794;11.623663;11.650651;2.8;
11.65114;11.624842;11.650978;2.8;
11.65114;11.624842;11.650978;2.8;
11.65114;11.624842;11.650978;2.8;
11.647749;11.622869;11.649615;2.8;
11.647749;11.622869;11.649615;2.8;
11.647749;11.622869;11.649615;2.8;
11.641279;11.619299;11.648327;2.8;
11.641279;11.619299;11.648327;2.8;
11.641279;11.619299;11.648327;2.8;
11.641279;11.619299;11.648327;2.8;
11.642122;11.615236;11.644791;2.8;
11.642122;11.615236;11.644791;2.8;
11.642122;11.615236;11.644791;2.8;
11.637309;11.617702;11.648422;2.8;
11.637309;11.617702;11.648422;2.8;
11.637309;11.617702;11.648422;2.8;
11.636041;11.612961;11.642936;2.8;
11.636041;11.612961;11.642936;2.8;
11.636041;11.612961;11.642936;2.8;
11.636041;11.612961;11.642936;2.8;
11.635768;11.610836;11.640779;2.8;
11.635768;11.610836;11.640779;2.8;
11.635768;11.610836;11.640779;2.8;
11.637379;11.611722;11.641226;2.8;
11.637379;11.611722;11.641226;2.8;
11.637379;11.611722;11.641226;2.8;
11.637379;11.611722;11.641226;2.8;
11.639779;11.614909;11.641423;2.8;
11.639779;11.614909;11.641423;2.8;
11.639779;11.614909;11.641423;2.8;
11.633652;11.616342;11.640245;2.8;
11.633652;11.616342;11.640245;2.8;
11.633652;11.616342;11.640245;2.8;
11.633652;11.616342;11.640245;2.8;
11.63775;11.612916;11.64162;2.8;
11.63775;11.612916;11.64162;2.8;
11.63775;11.612916;11.64162;2.8;
11.636021;11.61127;11.63833;2.8;
11.636021;11.61127;11.63833;2.8;
11.636021;11.61127;11.63833;2.8;
11.636021;11.61127;11.63833;2.8;
11.636902;11.609467;11.639421;2.8;
11.636902;11.609467;11.639421;2.8;
11.636902;11.609467;11.639421;2.8;
11.63347;11.607087;11.641523;2.8;
11.63347;11.607087;11.641523;2.8;
11.63347;11.607087;11.641523;2.8;
11.63347;11.607087;11.641523;2.8;
11.641926;11.609452;11.640119;2.8;
11.641926;11.609452;11.640119;2.8;
11.641926;11.609452;11.640119;2.8;
11.635709;11.61125;11.646176;2.8;
11.635709;11.61125;11.646176;2.8;
11.635709;11.61125;11.646176;2.8;
11.635709;11.61125;11.646176;2.8;
11.632435;11.611524;11.640547;2.8;
11.632435;11.611524;11.640547;2.8;
11.632435;11.611524;11.640547;2.8;
11.63058;11.61103;11.636747;2.8;
11.63058;11.61103;11.636747;2.8;
11.63058;11.61103;11.636747;2.8;
11.63058;11.61103;11.636747;2.8;
11.641595;11.612425;11.646109;2.8;
11.641595;11.612425;11.646109;2.8;
11.641595;11.612425;11.646109;2.8;
11.634351;11.610786;11.645822;2.8;
11.634351;11.610786;11.645822;2.8;
11.634351;11.610786;11.645822;2.8;
11.634351;11.610786;11.645822;2.8;
11.633046;11.609666;11.639495;2.8;
11.633046;11.609666;11.639495;2.8;
11.633046;11.609666;11.639495;2.8;
11.633046;11.609666;11.639495;2.8;
11.637687;11.608494;11.643211;2.8;
11.637687;11.608494;11.643211;2.8;
11.637687;11.608494;11.643211;2.8;
11.636911;11.613425;11.644305;2.8;
11.636911;11.613425;11.644305;2.8;
11.636911;11.613425;11.644305;2.8;
11.636911;11.613425;11.644305;2.8;
11.62991;11.606633;11.635004;2.8;
11.62991;11.606633;11.635004;2.8;
11.62991;11.606633;11.635004;2.8;
11.63513;11.607767;11.640852;2.8;
11.63513;11.607767;11.640852;2.8;
11.63513;11.607767;11.640852;2.8;
11.63513;11.607767;11.640852;2.8;
11.630163;11.603794;11.642074;2.8;
11.630163;11.603794;11.642074;2.8;
11.630163;11.603794;11.642074;2.8;
11.627137;11.59936;11.636019;2.8;
11.627137;11.59936;11.636019;2.8;
11.627137;11.59936;11.636019;2.8;
11.630774;11.604198;11.642015;2.8;
11.630774;11.604198;11.642015;2.8;
11.630774;11.604198;11.642015;2.8;
11.630774;11.604198;11.642015;2.8;
11.632545;11.598606;11.642544;2.8;
11.632545;11.598606;11.642544;2.8;
11.632545;11.598606;11.642544;2.8;
11.628451;11.59096;11.633296;2.8;
11.628451;11.59096;11.633296;2.8;
11.628451;11.59096;11.633296;2.8;
11.628451;11.59096;11.633296;2.8;
11.632442;11.591237;11.634001;2.8;
11.632442;11.591237;11.634001;2.8;
11.632442;11.591237;11.634001;2.8;
11.630943;11.594043;11.629407;2.8;
11.630943;11.594043;11.629407;2.8;
11.630943;11.594043;11.629407;2.8;
11.630943;11.594043;11.629407;2.8;
11.630833;11.6019;11.636529;2.8;
11.630833;11.6019;11.636529;2.8;
11.630833;11.6019;11.636529;2.8;
11.630484;11.600215;11.6345;2.8;
11.630484;11.600215;11.6345;2.8;
11.630484;11.600215;11.6345;2.8;
11.630484;11.600215;11.6345;2.8;
11.625788;11.602608;11.638212;2.8;
11.625788;11.602608;11.638212;2.8;
11.625788;11.602608;11.638212;2.8;
11.63242;11.599596;11.641003;2.8;
11.63242;11.599596;11.641003;2.8;
11.63242;11.599596;11.641003;2.8;
11.63242;11.599596;11.641003;2.8;
11.633615;11.603265;11.636026;2.8;
11.633615;11.603265;11.636026;2.8;
11.633615;11.603265;11.636026;2.8;
11.633615;11.603265;11.636026;2.8;
11.636542;11.604573;11.639297;2.8;
11.636542;11.604573;11.639297;2.8;
11.636542;11.604573;11.639297;2.8;
11.631757;11.600777;11.636786;2.8;
11.631757;11.600777;11.636786;2.8;
11.631757;11.600777;11.636786;2.8;
11.631757;11.600777;11.636786;2.8;
11.635756;11.595063;11.636107;2.8;
11.635756;11.595063;11.636107;2.8;
11.635756;11.595063;11.636107;2.8;
11.636445;11.594935;11.635716;2.8;
11.636445;11.594935;11.635716;2.8;
11.636445;11.594935;11.635716;2.8;
11.636445;11.594935;11.635716;2.8;
11.636584;11.601137;11.633423;2.8;
11.636584;11.601137;11.633423;2.8;
11.636584;11.601137;11.633423;2.8;
11.632329;11.590897;11.638563;2.8;
11.632329;11.590897;11.638563;2.8;
11.632329;11.590897;11.638563;2.8;
11.632329;11.590897;11.638563;2.8;
11.628674;11.597759;11.636906;2.8;
11.628674;11.597759;11.636906;2.8;
11.628674;11.597759;11.636906;2.8;
11.630591;11.599299;11.637525;2.8;
11.630591;11.599299;11.637525;2.8;
11.630591;11.599299;11.637525;2.8;
11.630591;11.599299;11.637525;2.8;
11.631253;11.599207;11.63643;2.8;
11.631253;11.599207;11.63643;2.8;
11.631253;11.599207;11.63643;2.8;
11.63669;11.599361;11.638775;2.8;
11.63669;11.599361;11.638775;2.8;
11.63669;11.599361;11.638775;2.8;
11.63669;11.599361;11.638775;2.8;
11.624832;11.588544;11.634476;2.8;
11.624832;11.588544;11.634476;2.8;
11.624832;11.588544;11.634476;2.8;
11.627007;11.590687;11.633978;2.8;
11.627007;11.590687;11.633978;2.8;
11.627007;11.590687;11.633978;2.8;
11.62767;11.591372;11.63522;2.8;
11.62767;11.591372;11.63522;2.8;
11.62767;11.591372;11.63522;2.8;
11.62767;11.591372;11.63522;2.8;
11.624611;11.587536;11.631408;2.8;
11.624611;11.587536;11.631408;2.8;
11.624611;11.587536;11.631408;2.8;
11.627575;11.593854;11.63333;2.8;
11.627575;11.593854;11.63333;2.8;
11.627575;11.593854;11.63333;2.8;
11.627575;11.593854;11.63333;2.8;
11.62852;11.59167;11.628807;2.8;
11.62852;11.59167;11.628807;2.8;
11.62852;11.59167;11.628807;2.8;
11.62852;11.59167;11.628807;2.8;
11.621402;11.588824;11.624292;2.8;
11.621402;11.588824;11.624292;2.8;
11.621402;11.588824;11.624292;2.8;
11.621402;11.588824;11.624292;2.8;
11.625299;11.591725;11.624101;2.8;
11.625299;11.591725;11.624101;2.8;
11.625299;11.591725;11.624101;2.8;
11.620501;11.592512;11.625536;2.8;
11.620501;11.592512;11.625536;2.8;
11.620501;11.592512;11.625536;2.8;
11.62183;11.586359;11.622118;2.8;
11.62183;11.586359;11.622118;2.8;
11.62183;11.586359;11.622118;2.8;
11.62183;11.586359;11.622118;2.8;
11.614661;11.581478;11.626128;2.8;
11.614661;11.581478;11.626128;2.8;
11.614661;11.581478;11.626128;2.8;
11.614661;11.581478;11.626128;2.8;
11.618736;11.581026;11.623237;2.8;
11.618736;11.581026;11.623237;2.8;
11.618736;11.581026;11.623237;2.8;
11.614499;11.582279;11.622886;2.8;
11.614499;11.582279;11.622886;2.8;
11.614499;11.582279;11.622886;2.8;
11.60992;11.586443;11.629285;2.8;
11.60992;11.586443;11.629285;2.8;
11.60992;11.586443;11.629285;2.8;
11.60992;11.586443;11.629285;2.8;
11.607024;11.581449;11.624466;2.8;
11.607024;11.581449;11.624466;2.8;
