Model,RTH1004
SerialNumber,103234
Firmware Version,'1.60.3.3'

Waveform Time Stamp,2019-11-22 22:37:08.452,2019-11-22 22:37:08.452,2019-11-22 22:37:08.452,2019-11-22 22:37:08.452
Waveform Type,ANALOG,,,
Acquisition Mode,SAMPLE,,,
Horizontal Unit,s,,,
Horizontal Scale,50,,,
Horizontal Position,7.105e-15,,,
Reference Point,10 %,,,
Sample Interval,0.2,,,
Record Length,2500,,,
Probe Setting,'10:1','10 mV/A','10:1','10:1'
Vertical Unit,V,A,V,V
Vertical Scale,5,20,5,5
Vertical Position,-3,-3,-3,-3
Vertical Offset,0,0,0,0
History Index,-1,-1,-1,-1
History Time Stamp,-549.596706322392,-549.596706322392,-549.596706322392,-549.596706322392
,,,,
TIME,CH1,CH2,CH3,CH4
-50,0.17647,3.2157,0.33333,19.549
-49.8,0.4902,3.5294,0.33333,19.941
-49.6,0.33333,3.5294,0.4902,20.098
-49.4,0.64706,3.2157,0.64706,20.098
-49.2,0.80392,3.5294,0.41176,20.098
-49,0.4902,3.5294,0.41176,20.255
-48.8,0.17647,3.5294,0.41176,21.039
-48.6,0.56863,2.5882,0.56863,22.608
-48.4,0.41176,3.5294,0.4902,24.569
-48.2,0.72549,3.2157,0.64706,25.51
-48,0.56863,3.2157,0.4902,30.137
-47.8,0.64706,3.2157,0.41176,28.569
-47.6,0.56863,2.902,0.41176,29.588
-47.4,0.56863,3.2157,0.33333,30.922
-47.2,0.41176,2.902,0.41176,30.843
-47,0.56863,2.5882,0.41176,30.843
-46.8,0.80392,2.5882,0.56863,30.843
-46.6,0.41176,1.6471,0.41176,30.922
-46.4,0.80392,2.5882,0.64706,30.922
-46.2,0.72549,1.9608,0.64706,30.922
-46,0.64706,1.9608,0.56863,30.922
-45.8,0.41176,2.2745,0.41176,31.078
-45.6,0.4902,1.9608,0.41176,30.843
-45.4,0.4902,2.2745,0.4902,30.843
-45.2,0.72549,2.2745,0.56863,30.765
-45,0.64706,2.5882,0.72549,31
-44.8,0.4902,1.9608,0.4902,30.922
-44.6,0.4902,2.2745,0.56863,31
-44.4,0.72549,2.5882,0.64706,30.686
-44.2,0.33333,2.902,0.4902,30.922
-44,0.4902,2.2745,0.41176,30.922
-43.8,0.33333,2.2745,0.33333,30.922
-43.6,0.2549,1.9608,0.33333,31
-43.4,0.41176,1.9608,0.2549,31
-43.2,0.17647,1.9608,0.2549,30.922
-43,0.098039,2.2745,0.17647,31
-42.8,0.17647,2.2745,0.2549,31.078
-42.6,0.019608,1.9608,0.17647,30.922
-42.4,-0.13725,2.5882,0.17647,30.922
-42.2,-0.058824,2.2745,-0.13725,30.843
-42,-0.058824,1.6471,0.019608,31
-41.8,-0.21569,1.6471,0.098039,30.922
-41.6,-0.29412,2.5882,-0.058824,31
-41.4,-0.21569,2.5882,0.019608,31.078
-41.2,-0.21569,1.9608,-0.13725,31.157
-41,-0.52941,1.9608,-0.21569,31
-40.8,-0.45098,1.9608,-0.21569,31
-40.6,-0.60784,2.2745,-0.29412,30.765
-40.4,-0.76471,1.9608,-0.45098,31.078
-40.2,-0.76471,2.2745,-0.45098,31
-40,-0.92157,1.9608,-0.52941,30.765
-39.8,-0.84314,2.902,-0.45098,31
-39.6,-1,1.9608,-0.60784,30.843
-39.4,-0.92157,1.9608,-0.52941,31
-39.2,-0.92157,2.2745,-0.60784,30.922
-39,-1,2.5882,-0.68627,30.922
-38.8,-0.92157,1.9608,-0.52941,31.078
-38.6,-0.84314,2.2745,-0.45098,30.922
-38.4,-0.76471,2.902,-0.45098,31
-38.2,-0.52941,2.2745,-0.13725,30.922
-38,-0.76471,2.902,-0.29412,31.078
-37.8,-0.84314,1.6471,-0.52941,31
-37.6,-0.76471,2.2745,-0.37255,30.922
-37.4,-0.29412,1.9608,-0.29412,31
-37.2,-0.60784,2.902,-0.29412,30.843
-37,-0.45098,3.2157,-0.45098,30.843
-36.8,-0.60784,3.2157,-0.29412,30.922
-36.6,-0.45098,2.5882,-0.37255,30.922
-36.4,-0.45098,2.2745,-0.21569,30.843
-36.2,-0.76471,2.902,-0.37255,31
-36,-0.45098,2.2745,-0.37255,31
-35.8,-0.52941,1.9608,-0.21569,30.922
-35.6,-0.76471,3.2157,-0.37255,30.843
-35.4,-0.68627,2.902,-0.60784,31
-35.2,-0.84314,3.2157,-0.45098,31.157
-35,-0.60784,2.902,-0.37255,31
-34.8,-0.29412,2.902,-0.21569,30.765
-34.6,-0.68627,2.2745,-0.45098,30.922
-34.4,-0.84314,1.9608,-0.45098,30.843
-34.2,-0.76471,2.5882,-0.76471,30.843
-34,-0.60784,1.9608,-0.37255,30.843
-33.8,-0.29412,2.5882,-0.21569,30.922
-33.6,-0.52941,2.902,-0.29412,30.843
-33.4,-0.60784,1.6471,-0.52941,30.843
-33.2,-0.37255,2.902,-0.13725,30.922
-33,-0.45098,1.9608,-0.29412,30.922
-32.8,-0.76471,1.9608,-0.37255,31
-32.6,-0.52941,1.9608,-0.29412,30.843
-32.4,-0.29412,2.902,-0.29412,30.922
-32.2,-0.68627,2.2745,-0.45098,30.765
-32,-0.60784,2.5882,-0.37255,31.157
-31.8,-0.60784,2.2745,-0.52941,31
-31.6,-0.84314,2.902,-0.52941,31
-31.4,-0.52941,1.9608,-0.37255,30.294
-31.2,-0.68627,2.5882,-0.45098,31
-31,-0.92157,2.2745,-0.52941,30.922
-30.8,-0.21569,1.9608,-0.29412,31.157
-30.6,-0.68627,1.9608,-0.29412,30.843
-30.4,-0.45098,1.3333,-0.29412,31.078
-30.2,-0.52941,2.2745,-0.21569,31.157
-30,-0.60784,2.2745,-0.21569,31
-29.8,-0.29412,2.2745,-0.29412,30.922
-29.6,-0.29412,2.2745,-0.13725,31
-29.4,-0.68627,2.5882,-0.52941,31
-29.2,-0.37255,3.2157,-0.29412,30.922
-29,-0.52941,2.2745,-0.45098,30.922
-28.8,-0.68627,1.9608,-0.52941,30.922
-28.6,-0.76471,1.6471,-0.52941,31
-28.4,-0.68627,1.9608,-0.45098,30.843
-28.2,-0.76471,1.6471,-0.45098,31.078
-28,-0.84314,2.2745,-0.68627,31
-27.8,-0.84314,2.5882,-0.68627,31
-27.6,-1.0784,2.5882,-0.60784,31.078
-27.4,-1.1569,2.2745,-0.76471,30.922
-27.2,-1,1.6471,-0.68627,31
-27,-1,2.2745,-0.52941,31
-26.8,-0.84314,1.9608,-0.45098,31.078
-26.6,-0.84314,2.2745,-0.52941,31
-26.4,-0.84314,3.2157,-0.45098,31.078
-26.2,-1.0784,2.2745,-0.60784,31.157
-26,-0.92157,1.9608,-0.45098,30.922
-25.8,-0.92157,2.5882,-0.45098,30.843
-25.6,-0.92157,2.5882,-0.60784,30.922
-25.4,-0.84314,2.2745,-0.60784,31
-25.2,-0.84314,2.5882,-0.37255,31.078
-25,-0.60784,3.2157,-0.37255,30.922
-24.8,-0.52941,1.9608,-0.21569,31.157
-24.6,-0.21569,2.2745,-0.37255,31.078
-24.4,-0.29412,2.902,-0.21569,31.078
-24.2,-0.29412,2.5882,-0.058824,30.765
-24,-0.21569,2.2745,0.019608,30.922
-23.8,-0.29412,2.902,0.019608,30.843
-23.6,-0.21569,2.902,-0.058824,31
-23.4,-0.21569,1.9608,-0.058824,31
-23.2,-0.13725,2.2745,0.019608,30.922
-23,0.019608,2.2745,0.17647,31
-22.8,0.2549,1.6471,0.2549,31
-22.6,0.17647,3.2157,0.2549,30.843
-22.4,0.17647,2.2745,0.33333,31.078
-22.2,0.2549,2.2745,0.33333,31
-22,0.64706,2.902,0.56863,30.922
-21.8,0.41176,2.5882,0.33333,33.275
-21.6,-0.058824,2.5882,0.33333,30.922
-21.4,0.33333,2.2745,0.4902,31
-21.2,0.72549,2.5882,0.4902,30.843
-21,0.4902,2.902,0.41176,30.843
-20.8,0.80392,3.2157,0.64706,30.922
-20.6,0.33333,2.2745,0.4902,30.922
-20.4,0.41176,2.2745,0.41176,30.922
-20.2,0.4902,2.902,0.41176,30.765
-20,0.41176,2.5882,0.33333,30.922
-19.8,0.80392,1.9608,0.64706,30.843
-19.6,0.33333,2.2745,0.33333,31.078
-19.4,0.64706,2.2745,0.4902,30.922
-19.2,0.56863,1.9608,0.64706,30.922
-19,0.64706,2.2745,0.56863,30.922
-18.8,0.019608,2.2745,0.41176,31
-18.6,0.41176,1.9608,0.41176,30.922
-18.4,0.4902,2.5882,0.56863,31
-18.2,0.56863,2.2745,0.33333,30.843
-18,0.019608,2.2745,0.2549,31.078
-17.8,0.41176,2.2745,0.33333,30.922
-17.6,0.17647,2.2745,0.17647,30.922
-17.4,0.019608,2.2745,0.2549,31
-17.2,0.2549,2.5882,0.2549,30.922
-17,-0.13725,1.9608,0.019608,31.078
-16.8,-0.21569,1.9608,0.019608,31
-16.6,0.098039,1.6471,0.33333,31
-16.4,0.2549,2.902,0.17647,30.922
-16.2,-0.37255,2.2745,-0.058824,30.843
-16,0.098039,2.2745,0.098039,31
-15.8,0.17647,1.6471,-0.058824,31
-15.6,-0.29412,2.5882,-0.058824,31.078
-15.4,0.2549,2.2745,0.019608,30.922
-15.2,0.17647,2.5882,0.17647,31
-15,0.17647,2.5882,0.098039,30.922
-14.8,-0.13725,2.902,0.2549,30.922
-14.6,-0.29412,2.2745,0.019608,31
-14.4,-0.058824,2.2745,0.17647,30.843
-14.2,0.098039,2.902,-0.058824,31
-14,-0.21569,2.2745,0.098039,30.922
-13.8,-0.21569,2.5882,-0.058824,30.922
-13.6,0.019608,1.9608,0.17647,31
-13.4,-0.13725,2.5882,0.019608,31
-13.2,0.17647,2.5882,0.17647,30.922
-13,-0.058824,2.5882,0.019608,31.157
-12.8,0.019608,2.2745,0.019608,30.922
-12.6,0.17647,2.5882,0.17647,30.922
-12.4,0.098039,1.9608,0.098039,31
-12.2,0.17647,2.902,0.098039,31.078
-12,0.098039,2.2745,0.17647,30.922
-11.8,0.17647,2.5882,0.17647,30.922
-11.6,0.019608,1.9608,0.019608,30.922
-11.4,-0.13725,2.5882,-0.058824,31.078
-11.2,-0.058824,2.2745,-0.13725,31
-11,-0.45098,2.2745,-0.52941,31
-10.8,-0.52941,2.2745,-0.29412,31
-10.6,-0.45098,3.2157,-0.13725,30.843
-10.4,-0.37255,2.5882,-0.29412,31
-10.2,-0.37255,2.2745,-0.37255,31
-10,-0.45098,1.9608,-0.37255,30.922
-9.8,-0.21569,2.2745,0.019608,30.843
-9.6,-0.52941,2.5882,-0.37255,30.922
-9.4,-0.13725,2.902,-0.21569,31
-9.2,-0.37255,2.2745,-0.058824,31.078
-9,-0.37255,2.902,-0.29412,31
-8.8,-0.13725,2.2745,-0.21569,30.843
-8.6,0.019608,3.2157,-0.13725,30.843
-8.4,-0.37255,2.5882,-0.29412,30.922
-8.2,-0.058824,2.2745,-0.13725,30.922
-8,-0.29412,2.902,-0.29412,30.765
-7.8,-0.52941,2.902,-0.21569,31
-7.6,-0.37255,2.5882,-0.45098,30.843
-7.4,-0.60784,2.2745,-0.37255,30.843
-7.2,-0.45098,3.5294,-0.45098,30.922
-7,-0.52941,2.2745,-0.45098,30.922
-6.8,-0.29412,2.5882,-0.21569,30.922
-6.6,-0.68627,1.3333,-0.52941,30.765
-6.4,-0.37255,2.2745,-0.37255,30.843
-6.2,-0.45098,2.5882,-0.37255,30.922
-6,-0.37255,2.5882,-0.45098,31.078
-5.8,-0.52941,1.6471,-0.52941,30.922
-5.6,-0.60784,1.6471,-0.60784,30.843
-5.4,-0.45098,2.5882,-0.37255,30.922
-5.2,-0.13725,3.2157,-0.37255,31
-5,-0.21569,1.9608,-0.21569,31
-4.8,0.098039,2.2745,-0.13725,31.078
-4.6,0.098039,1.6471,-0.058824,31
-4.4,0.17647,2.2745,-0.058824,30.922
-4.2,0.17647,2.2745,0.019608,30.922
-4,0.17647,2.5882,-0.13725,30.843
-3.8,0.17647,1.6471,0.019608,30.843
-3.6,0.2549,1.9608,0.17647,31.078
-3.4,0.4902,2.2745,0.2549,30.922
-3.2,0.56863,1.9608,0.33333,31
-3,0.80392,3.2157,0.33333,31
-2.8,0.80392,2.902,0.41176,30.922
-2.6,0.64706,2.5882,0.41176,30.922
-2.4,0.80392,1.9608,0.33333,30.922
-2.2,1.0392,2.2745,0.41176,30.922
-2,1.0392,2.902,0.4902,31
-1.8,0.88235,2.2745,0.64706,30.843
-1.6,0.88235,2.5882,0.41176,31.078
-1.4,1.0392,2.5882,0.56863,31
-1.2,0.96078,1.9608,0.64706,31.078
-1,0.88235,1.6471,0.64706,30.922
-0.8,0.88235,2.5882,0.4902,31
-0.6,1.1176,2.2745,0.56863,30.922
-0.4,1.2745,2.2745,0.64706,31.078
-0.2,0.96078,3.5294,0.4902,30.765
0,1.0392,2.5882,0.4902,30.922
0.2,0.88235,2.2745,0.64706,31.078
0.4,1.0392,2.5882,0.64706,30.922
0.6,1.0392,1.9608,0.4902,30.843
0.8,1.1176,1.9608,0.56863,31
1,1.1961,2.902,0.64706,30.843
1.2,0.96078,3.5294,0.56863,31.078
1.4,1.1176,2.2745,0.4902,30.922
1.6,0.88235,2.2745,0.56863,31
1.8,0.80392,2.2745,0.72549,30.843
2,0.64706,2.2745,0.41176,31
2.2,0.41176,2.5882,0.17647,30.922
2.4,0.17647,2.902,0.098039,30.922
2.6,0.41176,2.902,0.098039,31
2.8,0.41176,2.902,0.098039,31.078
3,0.098039,2.2745,-0.13725,30.922
3.2,0.17647,2.5882,0.17647,31
3.4,-0.058824,2.902,-0.058824,31.078
3.6,0.098039,2.902,0.098039,30.922
3.8,0.2549,2.5882,0.2549,30.843
4,0.33333,2.5882,0.17647,30.137
4.2,0.33333,2.2745,0.17647,30.922
4.4,0.41176,3.2157,0.17647,30.922
4.6,0.17647,1.6471,0.098039,30.843
4.8,0.33333,2.2745,0.33333,30.843
5,0.2549,2.2745,0.17647,31
5.2,0.2549,2.2745,0.2549,30.843
5.4,0.33333,2.5882,0.17647,31.078
5.6,0.17647,2.902,0.098039,30.843
5.8,0.17647,2.5882,0.17647,30.843
6,0.4902,2.5882,0.17647,31
6.2,0.098039,1.9608,0.019608,30.922
6.4,0.41176,2.5882,0.2549,30.922
6.6,-0.058824,1.9608,-0.058824,30.922
6.8,0.41176,2.5882,0.33333,30.765
7,0.2549,1.9608,0.098039,30.922
7.2,0.17647,2.2745,0.2549,30.922
7.4,0.2549,2.2745,0.17647,30.922
7.6,0.019608,2.5882,0.019608,31
7.8,-0.058824,2.2745,-0.058824,30.922
8,-0.37255,1.9608,-0.29412,31
8.2,-0.21569,2.2745,-0.13725,30.843
8.4,-0.52941,2.2745,-0.45098,31.078
8.6,-1,2.2745,-0.52941,30.922
8.8,-0.76471,2.5882,-0.52941,30.843
9,-0.84314,2.2745,-0.68627,30.922
9.2,-0.76471,2.2745,-0.68627,31.078
9.4,-0.52941,2.2745,-0.21569,30.843
9.6,-0.76471,2.902,-0.60784,30.922
9.8,-0.52941,2.2745,-0.45098,30.922
10,-0.52941,1.9608,-0.37255,31
10.2,-0.60784,2.5882,-0.37255,31
10.4,-0.84314,2.2745,-0.45098,31
10.6,-0.68627,2.5882,-0.29412,31
10.8,-0.29412,2.5882,-0.29412,30.843
11,-0.45098,1.9608,-0.21569,31
11.2,-0.60784,1.9608,-0.45098,31
11.4,-0.92157,1.9608,-0.68627,31
11.6,-1,3.2157,-0.68627,30.922
11.8,-1.0784,2.2745,-0.68627,31
12,-0.84314,2.2745,-0.37255,31.078
12.2,-1.0784,1.6471,-0.68627,31
12.4,-1,2.5882,-0.52941,30.922
12.6,-1,2.5882,-0.60784,31
12.8,-1,1.9608,-0.68627,31
13,-1.0784,1.9608,-0.45098,31
13.2,-1.0784,1.9608,-0.60784,30.922
13.4,-1.0784,2.5882,-0.60784,31.078
13.6,-0.92157,2.2745,-0.45098,30.843
13.8,-0.84314,2.5882,-0.37255,30.922
14,-0.52941,1.9608,-0.21569,30.922
14.2,-0.45098,2.5882,-0.13725,31
14.4,-0.45098,2.2745,-0.058824,31
14.6,-0.13725,2.902,0.019608,30.922
14.8,-0.37255,2.5882,0.019608,31
15,-0.058824,2.5882,-0.058824,31
15.2,-0.058824,1.9608,-0.058824,31.078
15.4,-0.13725,1.9608,0.098039,30.843
15.6,-0.058824,2.902,0.098039,31
15.8,0.019608,2.5882,0.17647,30.843
16,0.098039,2.5882,0.098039,30.922
16.2,0.2549,2.2745,0.2549,31
16.4,0.2549,2.5882,0.41176,31.078
16.6,0.41176,2.5882,0.33333,31.078
16.8,0.2549,2.5882,0.2549,31.392
17,0.17647,2.5882,0.17647,30.765
17.2,0.2549,2.5882,0.2549,30.922
17.4,0.17647,2.2745,0.41176,30.922
17.6,0.56863,2.5882,0.56863,30.843
17.8,0.64706,2.2745,0.56863,30.843
18,0.56863,2.2745,0.41176,30.843
18.2,0.72549,2.5882,0.64706,30.922
18.4,0.64706,2.2745,0.41176,30.686
18.6,0.88235,2.2745,0.56863,30.922
18.8,0.88235,1.9608,0.64706,30.922
19,0.80392,2.902,0.56863,31
19.2,0.4902,2.902,0.56863,30.843
19.4,0.41176,2.5882,0.33333,30.843
19.6,0.33333,2.5882,0.56863,30.922
19.8,0.2549,2.2745,0.41176,30.922
20,0.2549,1.9608,0.33333,30.843
20.2,0.33333,1.6471,0.33333,31.078
20.4,0.33333,1.9608,0.2549,30.843
20.6,0.33333,2.2745,0.41176,31
20.8,0.2549,1.6471,0.2549,30.843
21,0.2549,2.2745,0.41176,30.922
21.2,0.4902,2.2745,0.56863,31
21.4,0.4902,3.2157,0.41176,30.922
21.6,0.33333,2.5882,0.33333,30.765
21.8,0.2549,2.2745,0.17647,31
22,0.4902,2.2745,0.2549,31
22.2,0.2549,2.2745,0.17647,30.843
22.4,0.33333,2.2745,0.2549,31
22.6,0.33333,2.5882,0.2549,31
22.8,0.098039,2.2745,0.17647,31.078
23,0.41176,2.5882,0.2549,31
23.2,0.098039,1.9608,0.33333,31
23.4,-0.058824,2.5882,0.098039,30.922
23.6,-0.058824,3.2157,0.019608,31.078
23.8,0.019608,2.5882,0.098039,30.922
24,0.17647,1.9608,0.2549,31.078
24.2,0.098039,2.2745,0.2549,31
24.4,0.098039,2.5882,0.33333,31
24.6,0.33333,2.2745,0.2549,31.078
24.8,-0.058824,2.902,0.098039,31.078
25,0.17647,1.9608,0.098039,30.843
25.2,-0.13725,2.902,0.098039,31.078
25.4,-0.058824,1.9608,-0.13725,31
25.6,-0.21569,2.2745,0.019608,30.843
25.8,0.17647,1.9608,0.098039,31
26,-0.21569,2.2745,-0.13725,31.078
26.2,0.2549,2.902,0.2549,31.078
26.4,0.17647,1.9608,0.33333,31.078
26.6,-0.29412,3.2157,-0.058824,30.922
26.8,0.33333,2.2745,0.2549,30.765
27,-0.058824,1.9608,0.098039,30.922
27.2,-0.21569,1.9608,-0.058824,31.078
27.4,-0.21569,2.2745,0.019608,30.922
27.6,-0.29412,2.902,-0.29412,31
27.8,0.098039,2.5882,0.098039,31
28,-0.37255,2.5882,-0.13725,31.078
28.2,-0.13725,1.9608,-0.13725,30.843
28.4,0.019608,2.5882,0.2549,30.922
28.6,-0.29412,2.2745,0.019608,31
28.8,-0.21569,2.2745,-0.058824,30.843
29,0.019608,2.2745,-0.058824,30.922
29.2,-0.058824,2.2745,-0.058824,30.922
29.4,0.098039,2.2745,0.2549,31
29.6,-0.058824,2.902,-0.058824,30.843
29.8,-0.21569,3.2157,0.019608,32.49
30,0.098039,1.6471,0.2549,31
30.2,0.2549,2.5882,0.17647,30.922
30.4,-0.21569,2.2745,-0.21569,30.765
30.6,0.098039,2.902,0.17647,30.922
30.8,-0.13725,2.5882,0.019608,30.922
31,0.17647,2.2745,0.2549,31
31.2,0.33333,2.2745,0.33333,30.922
31.4,0.17647,2.902,0.098039,30.922
31.6,-0.058824,2.2745,-0.058824,30.843
31.8,0.17647,2.5882,0.019608,30.922
32,-0.37255,1.9608,-0.29412,30.922
32.2,0.019608,2.5882,-0.058824,30.922
32.4,-0.21569,1.9608,-0.13725,30.843
32.6,-0.60784,1.9608,-0.37255,30.843
32.8,-0.52941,2.5882,-0.45098,31.078
33,-0.45098,2.2745,-0.37255,30.843
33.2,-0.68627,3.2157,-0.37255,30.843
33.4,-0.29412,2.5882,-0.21569,30.922
33.6,-0.29412,1.9608,-0.13725,30.922
33.8,-0.29412,2.5882,-0.29412,30.922
34,-0.29412,1.9608,-0.37255,30.843
34.2,-0.21569,2.2745,-0.37255,30.922
34.4,-0.45098,1.9608,-0.52941,31
34.6,-0.45098,2.2745,-0.37255,30.843
34.8,-0.45098,2.5882,-0.45098,30.765
35,-0.29412,2.902,-0.29412,31
35.2,-0.37255,1.9608,-0.37255,30.843
35.4,-0.29412,2.2745,-0.37255,30.922
35.6,-0.21569,2.2745,-0.45098,31
35.8,-0.52941,2.5882,-0.52941,30.922
36,-0.13725,2.2745,-0.13725,30.843
36.2,0.098039,1.9608,-0.058824,30.922
36.4,0.17647,1.9608,-0.058824,30.843
36.6,0.17647,2.5882,0.019608,30.843
36.8,0.33333,1.6471,0.17647,30.843
37,0.41176,2.5882,-0.058824,31
37.2,0.4902,2.2745,0.33333,30.922
37.4,0.88235,1.9608,0.33333,30.922
37.6,0.72549,2.2745,0.41176,31
37.8,0.80392,1.6471,0.56863,30.922
38,0.88235,2.902,0.41176,30.922
38.2,0.88235,1.6471,0.4902,30.843
38.4,0.72549,2.902,0.41176,30.922
38.6,1.0392,2.2745,0.64706,30.922
38.8,1.0392,2.902,0.33333,30.922
39,1.1961,2.902,0.72549,31.078
39.2,1.2745,2.5882,0.64706,30.922
39.4,0.96078,2.2745,0.41176,31
39.6,1.1961,2.902,0.56863,31.078
39.8,0.96078,1.9608,0.56863,31
40,0.96078,2.2745,0.56863,30.922
40.2,0.88235,2.2745,0.56863,30.922
40.4,0.4902,2.2745,0.2549,30.922
40.6,0.41176,2.5882,0.098039,30.922
40.8,0.41176,2.2745,0.2549,31
41,0.41176,2.5882,0.17647,30.922
41.2,-0.058824,2.902,-0.13725,31.078
41.4,-0.058824,2.2745,-0.058824,30.922
41.6,0.17647,2.2745,0.019608,31
41.8,0.098039,3.2157,0.019608,31
42,0.2549,2.2745,0.17647,31.078
42.2,0.17647,2.5882,0.17647,30.922
42.4,0.2549,2.902,0.098039,31.157
42.6,0.2549,2.5882,0.17647,30.451
42.8,-0.058824,1.9608,0.019608,30.922
43,-0.13725,2.2745,-0.058824,30.843
43.2,0.098039,2.5882,0.019608,30.843
43.4,-0.058824,2.902,-0.13725,30.922
43.6,0.2549,2.2745,0.17647,30.843
43.8,0.41176,1.9608,0.2549,30.843
44,-0.058824,2.5882,-0.058824,31
44.2,-0.058824,2.2745,-0.29412,31
44.4,-0.21569,2.5882,-0.37255,30.922
44.6,-0.29412,2.5882,-0.29412,30.922
44.8,-0.68627,1.3333,-0.37255,31
45,-0.29412,2.5882,-0.21569,30.922
45.2,-0.37255,2.2745,-0.29412,31
45.4,-0.45098,2.2745,-0.13725,30.843
45.6,-0.52941,1.9608,-0.21569,31
45.8,-0.68627,2.2745,-0.37255,31.078
46,-0.60784,2.2745,-0.45098,31.157
46.2,-1,2.2745,-0.52941,30.765
46.4,-0.84314,2.2745,-0.45098,30.922
46.6,-0.68627,1.6471,-0.45098,30.843
46.8,-0.84314,1.9608,-0.37255,30.843
47,-1,1.9608,-0.52941,30.922
47.2,-1.0784,2.5882,-0.68627,31.078
47.4,-1,1.9608,-0.45098,31.078
47.6,-0.84314,3.2157,-0.52941,30.922
47.8,-0.68627,2.5882,-0.37255,31.078
48,-0.52941,1.9608,-0.21569,31.078
48.2,-0.60784,1.9608,-0.29412,30.922
48.4,-0.29412,1.9608,-0.29412,31
48.6,-0.45098,1.9608,-0.21569,30.843
48.8,-0.21569,3.2157,-0.058824,30.843
49,-0.45098,1.6471,-0.13725,31
49.2,-0.29412,1.9608,-0.21569,30.843
49.4,-0.13725,1.9608,-0.058824,31
49.6,-0.21569,1.9608,0.019608,31
49.8,-0.29412,2.2745,-0.13725,31.157
50,-0.29412,2.902,-0.13725,31
50.2,-0.13725,2.902,-0.058824,30.843
50.4,-0.21569,1.9608,-0.058824,30.922
50.6,-0.21569,1.9608,0.019608,30.922
50.8,-0.13725,2.902,-0.058824,30.922
51,-0.21569,1.9608,-0.058824,30.922
51.2,-0.21569,1.6471,-0.13725,30.922
51.4,-0.21569,1.3333,0.019608,31
51.6,-0.13725,1.9608,0.019608,30.922
51.8,-0.21569,1.3333,-0.058824,30.922
52,-0.13725,0.078431,0.019608,31.078
52.2,-0.21569,-0.23529,0.019608,31.157
52.4,-0.13725,-0.23529,0.098039,31
52.6,-0.21569,-0.23529,0.098039,31.157
52.8,-0.21569,-0.86275,-0.13725,31.078
53,-0.29412,0.078431,0.019608,31.157
53.2,-0.21569,0.078431,0.019608,31.078
53.4,-0.29412,-0.23529,-0.058824,30.922
53.6,-0.29412,0.078431,-0.058824,31.078
53.8,-0.21569,-0.54902,0.098039,31
54,-0.29412,0.078431,-0.13725,31
54.2,-0.21569,-0.54902,0.098039,31.157
54.4,-0.29412,-0.54902,0.019608,31.157
54.6,-0.13725,0.70588,-0.13725,31
54.8,-0.29412,0.078431,-0.058824,31
55,-0.21569,-0.54902,0.098039,31
55.2,-0.21569,-0.23529,-0.21569,31.078
55.4,-0.13725,0.078431,-0.13725,31
55.6,-0.21569,0.39216,-0.13725,31.157
55.8,-0.21569,1.6471,-0.13725,31
56,-0.29412,1.6471,-0.13725,31.157
56.2,0.17647,1.0196,0.17647,32.804
56.4,-0.058824,0.39216,0.019608,31.078
56.6,-0.37255,1.3333,-0.13725,30.843
56.8,-0.29412,0.39216,-0.21569,31
57,-0.52941,1.0196,-0.13725,31
57.2,-0.45098,1.3333,-0.13725,31
57.4,-0.29412,1.3333,-0.058824,30.765
57.6,-0.21569,1.3333,-0.058824,30.922
57.8,-0.21569,1.0196,-0.21569,30.922
58,-0.45098,1.0196,-0.29412,31
58.2,-0.37255,1.6471,-0.21569,30.922
58.4,-0.29412,1.3333,-0.21569,31.078
58.6,-0.29412,1.3333,-0.29412,30.922
58.8,-0.37255,0.70588,-0.21569,31.157
59,-0.29412,0.70588,-0.13725,31
59.2,-0.37255,0.39216,-0.058824,31
59.4,-0.37255,1.0196,-0.13725,31.078
59.6,-0.29412,1.0196,-0.13725,31.078
59.8,-0.52941,0.39216,-0.13725,30.922
60,-0.52941,1.6471,-0.29412,31
60.2,-0.29412,0.39216,-0.058824,31
60.4,-0.45098,0.70588,-0.13725,31.078
60.6,-0.52941,0.70588,-0.29412,31.078
60.8,-0.45098,0.39216,-0.058824,31.157
61,-0.37255,1.0196,-0.29412,30.922
61.2,-0.29412,0.39216,-0.21569,30.922
61.4,-0.37255,1.0196,-0.21569,31
61.6,-0.52941,1.0196,-0.21569,31.078
61.8,-0.52941,0.70588,-0.37255,31.078
62,-0.29412,1.6471,-0.21569,30.922
62.2,-0.45098,1.6471,-0.13725,30.922
62.4,-0.37255,1.6471,-0.13725,30.922
62.6,-0.29412,1.3333,-0.21569,30.765
62.8,-0.45098,1.0196,-0.13725,31.078
63,-0.29412,2.2745,-0.13725,31.078
63.2,-0.21569,2.902,0.019608,31
63.4,-0.45098,2.902,-0.058824,30.922
63.6,-0.29412,2.5882,-0.21569,30.843
63.8,-0.37255,1.9608,-0.13725,31
64,-0.29412,2.5882,-0.21569,30.922
64.2,-0.21569,1.9608,-0.058824,31
64.4,-0.37255,2.902,-0.21569,30.922
64.6,-0.29412,2.2745,-0.13725,31
64.8,-0.13725,2.902,-0.13725,31
65,-0.13725,2.5882,0.019608,30.922
65.2,-0.21569,2.2745,0.019608,30.686
65.4,-0.29412,2.5882,-0.13725,30.765
65.6,-0.21569,2.902,-0.21569,30.608
65.8,-0.13725,3.2157,-0.058824,29.51
66,-0.21569,2.902,0.019608,29.039
66.2,-0.21569,3.2157,0.098039,28.49
66.4,-0.13725,2.902,-0.058824,29.667
66.6,-0.13725,1.6471,-0.058824,30.922
66.8,-0.29412,2.5882,-0.058824,30.922
67,-0.21569,1.6471,0.019608,31
67.2,-0.21569,1.9608,0.17647,31
67.4,-0.058824,1.9608,0.019608,30.922
67.6,-0.058824,1.6471,-0.058824,31
67.8,-0.13725,1.6471,0.098039,31
68,-0.058824,1.9608,0.019608,31
68.2,0.098039,2.2745,0.098039,31.078
68.4,0.098039,1.6471,0.17647,31.157
68.6,0.098039,1.6471,0.17647,31.157
68.8,0.33333,1.6471,0.33333,31.314
69,0.17647,1.9608,0.33333,31
69.2,0.17647,1.3333,0.33333,31.078
69.4,0.33333,1.6471,0.41176,30.922
69.6,0.33333,1.6471,0.41176,30.843
69.8,0.41176,1.6471,0.41176,30.843
70,0.41176,1.3333,0.41176,30.922
70.2,0.2549,1.6471,0.33333,30.922
70.4,0.17647,1.6471,0.33333,30.922
70.6,0.098039,1.0196,0.33333,30.922
70.8,0.17647,1.3333,0.33333,30.922
71,0.098039,1.9608,0.33333,30.843
71.2,0.2549,1.0196,0.33333,31.157
71.4,0.098039,1.0196,0.098039,31.157
71.6,0.2549,1.3333,0.2549,30.922
71.8,0.33333,1.6471,0.33333,31
72,0.2549,1.0196,0.41176,31
72.2,0.17647,1.3333,0.2549,31.078
72.4,0.17647,1.3333,0.33333,30.843
72.6,0.33333,0.70588,0.33333,31.157
72.8,0.2549,1.0196,0.17647,30.922
73,0.098039,1.3333,0.17647,30.922
73.2,0.098039,1.3333,0.2549,31.157
73.4,0.17647,0.70588,0.2549,31.078
73.6,0.019608,1.3333,0.2549,31
73.8,0.2549,1.0196,0.17647,31.157
74,0.098039,1.0196,0.2549,31
74.2,0.019608,0.70588,-0.058824,31.157
74.4,0.019608,1.0196,0.2549,31.078
74.6,0.17647,1.0196,0.2549,30.922
74.8,0.17647,1.0196,0.33333,31
75,-0.13725,0.70588,0.17647,30.922
75.2,0.019608,1.0196,-0.058824,30.922
75.4,0.019608,1.6471,0.019608,31
75.6,0.098039,1.6471,0.098039,30.922
75.8,-0.21569,1.3333,0.019608,31.078
76,-0.21569,0.70588,0.098039,31.078
76.2,-0.21569,0.70588,0.019608,30.922
76.4,-0.058824,1.9608,0.019608,31
76.6,-0.13725,0.70588,0.019608,31
76.8,-0.21569,1.0196,0.098039,30.922
77,-0.21569,1.0196,-0.13725,30.922
77.2,-0.29412,0.70588,-0.058824,31.078
77.4,-0.058824,0.70588,-0.058824,31.235
77.6,-0.13725,1.0196,0.019608,31
77.8,-0.13725,1.0196,0.019608,31
78,-0.13725,0.39216,0.019608,31.157
78.2,-0.058824,0.70588,-0.21569,31
78.4,-0.21569,0.70588,-0.13725,30.922
78.6,-0.13725,0.70588,-0.058824,31.078
78.8,-0.13725,1.3333,-0.13725,31.078
79,-0.058824,0.70588,0.019608,30.922
79.2,-0.13725,1.3333,-0.13725,31.078
79.4,-0.13725,1.6471,-0.058824,31
79.6,-0.058824,1.9608,0.019608,31.078
79.8,-0.21569,1.9608,-0.13725,31.078
80,-0.29412,1.3333,-0.058824,31
80.2,-0.29412,1.9608,-0.058824,31
80.4,-0.21569,1.3333,-0.058824,31.078
80.6,-0.13725,1.3333,-0.13725,30.843
80.8,-0.21569,1.0196,-0.058824,30.922
81,-0.21569,1.3333,-0.058824,31.078
81.2,-0.21569,1.9608,-0.13725,30.922
81.4,-0.13725,1.6471,0.098039,31
81.6,0.098039,1.6471,0.019608,31.235
81.8,-0.13725,2.2745,0.019608,33.196
82,-0.37255,1.9608,-0.058824,30.922
82.2,-0.21569,1.3333,-0.058824,30.922
82.4,-0.29412,1.6471,-0.058824,30.922
82.6,-0.37255,1.3333,0.019608,31.078
82.8,-0.37255,2.5882,-0.21569,31
83,-0.29412,1.3333,0.019608,31
83.2,-0.21569,1.6471,-0.058824,30.922
83.4,-0.21569,0.70588,0.098039,31
83.6,-0.21569,1.9608,-0.13725,30.843
83.8,-0.21569,1.6471,0.098039,30.843
84,-0.21569,1.0196,0.019608,30.922
84.2,-0.21569,1.0196,-0.29412,30.059
84.4,-0.13725,2.2745,-0.058824,30.765
84.6,-0.13725,1.9608,0.019608,31.078
84.8,-0.058824,1.9608,0.098039,30.843
85,0.098039,1.3333,0.17647,31
85.2,0.019608,1.6471,0.098039,31
85.4,0.2549,1.6471,0.33333,31.157
85.6,0.33333,1.6471,0.2549,31
85.8,0.019608,1.6471,0.33333,30.843
86,0.4902,1.6471,0.41176,31.078
86.2,0.33333,1.6471,0.4902,30.922
86.4,0.33333,1.3333,0.2549,31.157
86.6,0.4902,1.6471,0.41176,30.922
86.8,0.17647,1.9608,0.33333,31
87,0.41176,1.9608,0.33333,31
87.2,0.098039,2.2745,0.2549,31
87.4,0.17647,1.3333,0.33333,30.922
87.6,0.17647,1.6471,0.33333,30.843
87.8,0.4902,1.3333,0.41176,31
88,0.41176,1.6471,0.41176,31.078
88.2,0.72549,2.2745,0.56863,31.078
88.4,0.80392,1.9608,0.4902,31
88.6,0.72549,1.6471,0.56863,30.843
88.8,0.2549,1.6471,0.33333,31.078
89,0.80392,1.3333,0.64706,30.843
89.2,0.64706,1.6471,0.56863,30.922
89.4,0.2549,1.3333,0.33333,30.922
89.6,0.64706,1.6471,0.4902,30.922
89.8,0.56863,1.6471,0.41176,30.922
90,0.56863,1.3333,0.41176,31.078
90.2,0.56863,1.9608,0.33333,30.843
90.4,0.4902,1.6471,0.56863,30.922
90.6,0.56863,2.2745,0.33333,31.157
90.8,0.17647,1.9608,0.098039,30.922
91,0.17647,1.0196,0.33333,31
91.2,0.2549,2.2745,0.2549,30.922
91.4,0.33333,1.9608,0.41176,31.157
91.6,0.2549,1.9608,0.17647,31.078
91.8,0.2549,2.5882,0.17647,30.922
92,0.2549,1.6471,0.2549,30.843
92.2,0.019608,1.9608,0.2549,31.078
92.4,0.2549,1.0196,0.2549,30.922
92.6,0.098039,1.9608,0.098039,30.922
92.8,0.17647,1.9608,0.17647,31
93,0.019608,1.9608,0.019608,31.078
93.2,0.17647,1.3333,0.098039,31
93.4,0.098039,1.6471,0.019608,30.922
93.6,-0.058824,1.9608,0.2549,30.922
93.8,-0.21569,1.6471,0.019608,30.922
94,0.2549,1.9608,0.098039,31.157
94.2,-0.058824,1.9608,0.098039,30.843
94.4,-0.058824,2.2745,-0.058824,30.922
94.6,0.098039,1.9608,0.019608,31.157
94.8,0.17647,1.9608,0.2549,31
95,0.019608,2.2745,0.098039,30.843
95.2,0.33333,2.2745,0.2549,30.843
95.4,0.098039,1.0196,0.098039,30.843
95.6,0.098039,1.6471,0.2549,30.922
95.8,0.17647,1.3333,0.33333,30.922
96,0.2549,1.6471,0.2549,31
96.2,-0.13725,1.6471,0.098039,30.922
96.4,0.019608,1.9608,0.019608,30.922
96.6,0.33333,1.6471,0.2549,30.922
96.8,-0.13725,1.6471,-0.058824,30.843
97,0.2549,1.9608,0.33333,30.843
97.2,0.019608,1.3333,-0.058824,31.078
97.4,-0.058824,2.2745,-0.13725,31
97.6,-0.058824,1.6471,0.098039,31.078
97.8,-0.058824,1.6471,-0.058824,31
98,-0.13725,1.6471,-0.21569,30.922
98.2,-0.13725,1.9608,-0.21569,30.843
98.4,-0.52941,1.6471,-0.21569,30.922
98.6,-0.29412,1.9608,-0.058824,31
98.8,-0.52941,2.2745,-0.52941,30.843
99,-0.45098,2.902,-0.45098,30.529
99.2,-0.13725,2.2745,-0.21569,30.922
99.4,-0.13725,2.5882,-0.29412,30.765
99.6,-0.058824,2.902,-0.29412,30.843
99.8,-0.13725,2.5882,-0.13725,31.157
100,-0.29412,3.2157,-0.058824,30.686
100.2,-0.29412,2.902,-0.29412,30.137
100.4,-0.45098,2.2745,-0.45098,29.667
100.6,-0.058824,2.902,-0.21569,29.588
100.8,-0.13725,2.2745,-0.29412,29.745
101,-0.37255,2.5882,-0.29412,29.745
101.2,-0.76471,3.5294,-0.60784,30.216
101.4,-0.21569,2.902,-0.29412,30.686
101.6,-0.45098,2.2745,-0.45098,30.922
101.8,-0.60784,2.902,-0.52941,30.843
102,-0.45098,2.902,-0.52941,30.922
102.2,-0.45098,2.902,-0.45098,31.078
102.4,-0.37255,2.2745,-0.37255,30.843
102.6,-0.45098,1.9608,-0.45098,30.922
102.8,-0.29412,2.2745,-0.45098,30.922
103,-0.29412,2.5882,-0.37255,31
103.2,-0.29412,2.902,-0.13725,31
103.4,-0.058824,2.2745,-0.29412,31
103.6,0.019608,1.9608,-0.21569,30.922
103.8,0.098039,2.2745,-0.13725,30.922
104,0.17647,1.9608,-0.058824,30.922
104.2,0.17647,1.6471,0.019608,30.843
104.4,0.2549,2.5882,0.019608,30.922
104.6,0.33333,2.5882,0.019608,31.078
104.8,0.2549,2.902,-0.058824,30.922
105,0.17647,1.9608,0.098039,31
105.2,0.2549,2.2745,0.098039,30.922
105.4,0.56863,2.5882,0.33333,31
105.6,0.4902,1.9608,0.2549,31
105.8,0.64706,2.5882,0.2549,30.922
106,0.56863,3.2157,0.33333,31
106.2,0.72549,2.902,0.41176,31
106.4,0.80392,2.5882,0.41176,30.843
106.6,0.80392,2.5882,0.4902,31
106.8,0.88235,3.2157,0.41176,31
107,1.0392,2.5882,0.64706,30.765
107.2,1.0392,2.5882,0.64706,31.157
107.4,1.0392,2.5882,0.4902,30.843
107.6,1.0392,2.2745,0.4902,30.922
107.8,0.80392,1.9608,0.41176,30.843
108,1.0392,2.5882,0.4902,30.922
108.2,1.1176,1.9608,0.56863,30.843
108.4,1.1961,2.5882,0.64706,31
108.6,1.1961,2.5882,0.64706,31
108.8,1.4314,1.9608,0.80392,30.843
109,1.4314,2.902,0.88235,30.686
109.2,1.0392,1.3333,0.41176,30.843
109.4,1.1176,2.5882,0.64706,30.922
109.6,1.2745,1.9608,0.80392,30.922
109.8,1.0392,2.5882,0.72549,30.843
110,1.1961,2.2745,0.72549,30.922
110.2,0.96078,2.902,0.56863,31.157
110.4,1.0392,2.2745,0.4902,31
110.6,1.1176,1.6471,0.64706,31.078
110.8,0.88235,1.9608,0.41176,30.922
111,0.96078,2.902,0.64706,30.922
111.2,0.96078,1.9608,0.4902,30.843
111.4,0.64706,2.5882,0.41176,30.922
111.6,0.88235,2.2745,0.41176,31.078
111.8,0.56863,2.2745,0.2549,30.843
112,0.64706,2.2745,0.33333,30.843
112.2,0.64706,2.2745,0.2549,31
112.4,0.4902,1.9608,0.2549,31.157
112.6,0.56863,1.9608,0.2549,31
112.8,0.4902,2.902,0.17647,31.078
113,0.41176,1.6471,0.17647,30.922
113.2,0.17647,2.2745,-0.058824,31.078
113.4,0.098039,2.2745,0.019608,31
113.6,0.019608,2.2745,-0.13725,30.922
113.8,0.17647,2.2745,0.019608,30.843
114,0.2549,1.6471,-0.13725,30.922
114.2,0.098039,2.2745,0.019608,30.922
114.4,0.4902,2.5882,0.2549,30.922
114.6,0.2549,2.5882,0.33333,30.922
114.8,0.019608,1.9608,-0.058824,30.922
115,0.2549,2.5882,0.019608,30.843
115.2,0.41176,2.902,0.019608,30.843
115.4,0.17647,1.9608,0.098039,30.922
115.6,0.098039,2.2745,-0.058824,30.922
115.8,0.2549,2.2745,0.17647,31
116,0.019608,1.9608,0.098039,31
116.2,0.2549,2.5882,0.17647,30.922
116.4,0.019608,1.6471,-0.058824,30.922
116.6,0.17647,2.2745,-0.058824,30.843
116.8,0.098039,2.5882,0.098039,31.078
117,0.019608,2.5882,0.098039,30.922
117.2,0.019608,1.9608,0.019608,30.922
117.4,0.17647,1.6471,0.2549,30.922
117.6,0.098039,2.2745,0.019608,31
117.8,-0.13725,2.5882,-0.21569,30.843
118,-0.21569,2.5882,-0.37255,30.922
118.2,-0.45098,2.5882,-0.37255,30.922
118.4,-0.13725,1.9608,-0.29412,31
118.6,-0.68627,2.902,-0.52941,30.922
118.8,-0.45098,2.5882,-0.37255,30.765
119,-0.76471,2.5882,-0.68627,30.922
119.2,-0.60784,2.5882,-0.37255,30.922
119.4,-0.45098,2.5882,-0.52941,31
119.6,-0.84314,2.902,-0.45098,31.078
119.8,-0.68627,2.2745,-0.37255,31.157
120,-0.45098,2.2745,-0.37255,28.49
120.2,-0.45098,1.9608,-0.29412,30.843
120.4,-0.68627,2.5882,-0.45098,30.843
120.6,-0.68627,2.902,-0.45098,30.765
120.8,-0.29412,2.5882,-0.13725,31
121,-0.52941,2.2745,-0.37255,30.922
121.2,-0.29412,2.2745,-0.13725,30.843
121.4,-0.37255,1.9608,-0.21569,30.922
121.6,-0.45098,2.5882,-0.37255,30.843
121.8,-0.37255,3.2157,-0.21569,30.843
122,-0.76471,2.2745,-0.37255,31
122.2,-0.52941,1.6471,-0.29412,30.922
122.4,-0.68627,1.9608,-0.52941,30.843
122.6,-0.60784,2.2745,-0.37255,31.078
122.8,-0.92157,1.6471,-0.45098,30.922
123,-0.84314,2.2745,-0.45098,31.078
123.2,-0.76471,2.902,-0.37255,31.157
123.4,-1.0784,2.2745,-0.76471,30.922
123.6,-0.84314,1.6471,-0.60784,31.078
123.8,-1,2.5882,-0.45098,30.922
124,-1,2.5882,-0.45098,31
124.2,-0.76471,2.5882,-0.45098,30.843
124.4,-0.76471,1.3333,-0.60784,30.922
124.6,-1.0784,1.9608,-0.76471,30.843
124.8,-0.92157,1.3333,-0.60784,31
125,-0.76471,2.5882,-0.52941,30.922
125.2,-1,1.9608,-0.37255,30.922
125.4,-0.76471,2.2745,-0.45098,31
125.6,-0.68627,1.9608,-0.60784,31
125.8,-0.76471,2.5882,-0.52941,30.922
126,-0.92157,2.2745,-0.37255,31
126.2,-0.92157,2.2745,-0.37255,30.922
126.4,-1,1.6471,-0.37255,31.078
126.6,-0.92157,2.5882,-0.45098,31
126.8,-0.84314,2.5882,-0.45098,30.922
127,-0.92157,1.6471,-0.37255,31.078
127.2,-0.68627,2.2745,-0.45098,30.922
127.4,-0.68627,2.902,-0.45098,30.843
127.6,-0.76471,1.9608,-0.37255,31.078
127.8,-0.68627,1.9608,-0.37255,30.843
128,-0.52941,2.5882,-0.45098,31.078
128.2,-0.60784,2.2745,-0.45098,31
128.4,-0.52941,1.6471,-0.21569,30.843
128.6,-0.52941,2.902,-0.37255,30.686
128.8,-0.60784,2.2745,-0.37255,31.157
129,-0.45098,1.6471,-0.21569,30.843
129.2,-0.37255,2.902,-0.21569,31
129.4,-0.52941,2.5882,-0.13725,30.922
129.6,-0.60784,1.9608,-0.29412,31.235
129.8,-0.37255,1.9608,-0.29412,30.922
130,-0.37255,2.5882,-0.13725,30.843
130.2,-0.45098,2.5882,-0.29412,30.922
130.4,-0.52941,1.6471,-0.13725,31
130.6,-0.45098,3.2157,-0.37255,30.843
130.8,-0.29412,1.9608,-0.058824,30.843
131,-0.37255,1.6471,-0.058824,31.078
131.2,-0.29412,2.2745,-0.21569,30.922
131.4,-0.37255,2.5882,-0.13725,31.157
131.6,-0.29412,2.2745,-0.13725,30.922
131.8,-0.37255,1.9608,-0.058824,30.922
132,-0.29412,1.9608,-0.13725,31
132.2,-0.29412,2.902,-0.21569,31.078
132.4,-0.21569,1.9608,-0.13725,31.078
132.6,-0.52941,2.5882,-0.29412,30.765
132.8,-0.21569,2.2745,-0.13725,30.373
133,-0.21569,1.6471,0.019608,30.843
133.2,-0.21569,2.2745,-0.21569,30.843
133.4,-0.21569,2.902,-0.13725,30.922
133.6,-0.29412,2.2745,-0.13725,30.922
133.8,-0.21569,1.6471,0.019608,30.843
134,-0.13725,2.5882,-0.058824,30.843
134.2,-0.21569,2.902,-0.058824,30.765
134.4,-0.29412,2.2745,-0.058824,30.922
134.6,0.019608,2.2745,0.17647,30.765
134.8,0.019608,2.2745,0.019608,30.922
135,0.019608,2.5882,0.17647,30.765
135.2,0.2549,1.9608,0.2549,30.922
135.4,0.17647,2.2745,0.33333,31
135.6,0.098039,1.9608,0.2549,30.922
135.8,0.41176,1.9608,0.2549,30.922
136,0.098039,1.9608,0.098039,30.529
136.2,0.17647,2.5882,0.41176,31.078
136.4,0.17647,1.9608,0.33333,30.922
136.6,0.41176,1.9608,0.33333,31.078
136.8,0.4902,1.6471,0.33333,30.843
137,0.2549,1.9608,0.33333,30.843
137.2,0.56863,1.9608,0.41176,31
137.4,0.64706,1.9608,0.41176,31
137.6,0.41176,2.2745,0.33333,30.922
137.8,0.72549,1.6471,0.4902,31.157
138,0.2549,1.9608,0.33333,31.078
138.2,0.4902,2.2745,0.33333,30.922
138.4,0.33333,1.6471,0.41176,30.922
138.6,0.33333,1.6471,0.41176,31.078
138.8,0.64706,1.6471,0.4902,31.157
139,0.64706,1.9608,0.41176,31
139.2,0.4902,1.9608,0.4902,31
139.4,0.41176,1.6471,0.41176,31
139.6,0.4902,2.5882,0.4902,30.922
139.8,0.33333,2.2745,0.33333,30.922
140,0.41176,2.5882,0.4902,30.922
140.2,0.2549,2.5882,0.098039,30.922
140.4,0.41176,2.5882,0.41176,30.843
140.6,0.33333,2.2745,0.33333,30.843
140.8,-0.21569,1.6471,-0.058824,31.078
141,-0.13725,1.9608,-0.13725,31
141.2,-0.13725,2.5882,0.019608,31.078
141.4,0.17647,2.2745,0.098039,31.078
141.6,-0.058824,2.902,-0.058824,31
141.8,0.098039,1.9608,0.019608,30.922
142,-0.058824,2.5882,0.019608,31.157
142.2,-0.21569,1.9608,-0.058824,30.922
142.4,0.098039,2.2745,0.2549,30.843
142.6,-0.13725,2.2745,0.098039,31
142.8,-0.13725,1.9608,-0.058824,31
143,0.098039,2.2745,0.019608,30.922
143.2,-0.21569,2.5882,-0.058824,31
143.4,0.098039,2.2745,0.2549,30.922
143.6,0.019608,2.2745,0.17647,30.922
143.8,-0.058824,2.5882,0.019608,31.078
144,-0.21569,2.2745,-0.13725,30.843
144.2,-0.13725,1.9608,0.019608,31
144.4,-0.37255,1.9608,-0.21569,30.843
144.6,-0.058824,2.902,-0.058824,30.843
144.8,-0.13725,1.6471,-0.058824,30.922
145,-0.13725,2.5882,0.019608,30.922
145.2,0.17647,2.2745,0.098039,31.078
145.4,0.098039,1.6471,0.019608,31
145.6,-0.21569,2.2745,-0.058824,30.686
145.8,0.098039,2.2745,-0.058824,31.471
146,-0.52941,2.5882,-0.29412,30.843
146.2,-0.68627,2.902,-0.52941,30.765
146.4,-0.21569,1.6471,-0.21569,30.765
146.6,-0.13725,2.5882,-0.13725,30.922
146.8,-0.52941,2.5882,-0.37255,31.078
147,-0.60784,2.5882,-0.13725,30.843
147.2,-0.058824,1.9608,-0.21569,30.922
147.4,0.098039,2.2745,0.098039,31.078
147.6,0.17647,2.2745,0.098039,31
147.8,0.019608,2.2745,0.098039,30.922
148,-0.13725,2.2745,-0.29412,30.843
148.2,-0.37255,1.9608,-0.29412,30.922
148.4,-0.52941,1.9608,-0.37255,31.078
148.6,-0.52941,2.5882,-0.37255,30.922
148.8,-0.84314,1.6471,-0.45098,30.686
149,-0.60784,2.902,-0.52941,31
149.2,-0.29412,2.2745,-0.45098,30.843
149.4,-0.60784,2.5882,-0.37255,31
149.6,-0.45098,2.2745,-0.37255,31
149.8,-0.60784,2.2745,-0.45098,31
150,-0.21569,1.9608,-0.37255,31
150.2,-0.45098,2.2745,-0.45098,30.922
150.4,-0.29412,1.9608,-0.29412,31
150.6,-0.29412,2.902,-0.29412,31.078
150.8,-0.29412,1.9608,-0.21569,30.843
151,0.098039,1.9608,-0.21569,31
151.2,0.17647,1.9608,-0.058824,31.157
151.4,0.098039,2.2745,0.019608,31.078
151.6,0.17647,1.9608,-0.13725,31.078
151.8,0.2549,1.6471,0.019608,30.922
152,0.2549,2.2745,0.019608,30.922
152.2,0.2549,2.5882,0.019608,31.078
152.4,0.2549,2.5882,0.019608,30.922
152.6,0.2549,1.6471,0.17647,31
152.8,0.72549,2.5882,0.33333,31
153,0.64706,1.9608,0.2549,31
153.2,0.64706,1.9608,0.33333,30.922
153.4,0.80392,1.6471,0.33333,31.078
153.6,0.56863,2.2745,0.17647,30.922
153.8,0.72549,2.902,0.41176,30.843
154,0.64706,2.2745,0.41176,31
154.2,0.96078,2.2745,0.4902,30.843
154.4,0.56863,1.9608,0.33333,31
154.6,0.72549,2.2745,0.33333,31.078
154.8,1.1176,2.2745,0.56863,30.843
155,0.80392,2.902,0.41176,30.922
155.2,1.0392,2.2745,0.41176,30.922
155.4,0.80392,1.9608,0.4902,31.078
155.6,1.1176,1.6471,0.64706,30.922
155.8,1.0392,1.9608,0.64706,31.078
156,0.96078,2.2745,0.56863,31.078
156.2,1.1176,1.9608,0.4902,31
156.4,1.0392,2.2745,0.72549,30.922
156.6,1.5098,1.3333,0.64706,31.078
156.8,0.96078,1.6471,0.4902,30.686
157,1.1961,1.9608,0.56863,30.843
157.2,1.3529,2.2745,0.72549,31.157
157.4,1.1176,2.2745,0.56863,30.922
157.6,0.88235,2.5882,0.56863,30.843
157.8,0.80392,1.9608,0.64706,31
158,0.96078,2.2745,0.56863,31.078
158.2,1.1176,2.5882,0.56863,31.157
158.4,1.1176,2.2745,0.64706,31.078
158.6,1.0392,2.2745,0.64706,28.725
158.8,0.96078,2.2745,0.56863,30.922
159,1.1961,2.5882,0.72549,30.843
159.2,1.1176,1.6471,0.64706,30.843
159.4,1.1176,2.902,0.64706,30.843
159.6,0.80392,2.2745,0.4902,30.843
159.8,1.3529,1.9608,0.64706,30.843
160,1.2745,2.2745,0.72549,31.078
160.2,1.2745,2.2745,0.64706,30.843
160.4,1.1961,2.5882,0.80392,31
160.6,1.1176,2.5882,0.64706,30.843
160.8,0.96078,2.2745,0.41176,31
161,1.1176,1.9608,0.72549,30.922
161.2,1.0392,2.5882,0.56863,30.765
161.4,0.80392,2.2745,0.41176,30.843
161.6,0.64706,2.902,0.4902,31
161.8,0.56863,1.9608,0.33333,30.922
162,0.72549,1.6471,0.41176,31
162.2,0.4902,2.5882,0.33333,31.078
162.4,0.72549,1.6471,0.4902,30.843
162.6,0.64706,1.9608,0.2549,30.922
162.8,0.4902,2.5882,0.17647,31
163,0.80392,2.2745,0.4902,31
163.2,0.41176,2.5882,0.33333,31.157
163.4,0.41176,2.5882,0.2549,31.157
163.6,0.41176,2.2745,0.098039,30.922
163.8,0.33333,1.6471,0.17647,31.157
164,0.56863,2.2745,0.33333,31.078
164.2,0.17647,2.2745,0.17647,31.078
164.4,0.41176,1.9608,0.2549,31
164.6,0.4902,1.9608,0.2549,31.078
164.8,0.33333,2.2745,0.2549,30.922
165,0.2549,1.9608,0.17647,30.922
165.2,0.17647,1.9608,-0.13725,31.157
165.4,0.4902,2.2745,0.17647,30.843
165.6,0.41176,1.9608,0.098039,31
165.8,0.098039,1.9608,-0.058824,31.078
166,0.41176,2.2745,0.019608,30.922
166.2,0.41176,1.6471,0.17647,30.922
166.4,0.41176,2.2745,0.2549,31
166.6,0.33333,1.9608,0.098039,30.843
166.8,0.019608,1.6471,-0.13725,31.078
167,0.2549,1.9608,0.098039,30.922
167.2,0.41176,1.9608,0.17647,31
167.4,0.019608,1.6471,0.019608,31
167.6,0.098039,1.9608,0.098039,31
167.8,-0.13725,2.2745,0.019608,30.765
168,0.2549,2.902,0.098039,31
168.2,0.2549,1.6471,0.2549,31.157
168.4,0.17647,1.9608,0.33333,30.922
168.6,0.098039,1.9608,0.019608,30.922
168.8,0.33333,2.2745,0.098039,30.922
169,0.17647,2.902,0.2549,31
169.2,-0.13725,1.9608,-0.058824,31
169.4,0.098039,2.5882,-0.058824,30.922
169.6,-0.058824,1.6471,0.019608,30.922
169.8,0.17647,2.5882,0.17647,30.922
170,0.17647,2.5882,0.098039,31
170.2,0.41176,2.2745,0.098039,31
170.4,0.17647,2.5882,0.098039,31.157
170.6,0.2549,2.2745,0.2549,30.922
170.8,-0.058824,2.2745,-0.13725,30.843
171,0.098039,1.9608,-0.058824,31.078
171.2,-0.52941,2.2745,-0.37255,31
171.4,-0.60784,2.902,-0.52941,30.529
171.6,-0.84314,2.5882,-0.45098,30.922
171.8,-0.68627,1.6471,-0.45098,31
172,-0.76471,2.902,-0.60784,31.078
172.2,-0.45098,2.5882,-0.29412,30.843
172.4,-0.29412,1.9608,-0.13725,30.922
172.6,-0.37255,2.2745,-0.13725,30.765
172.8,-0.45098,2.2745,-0.058824,30.922
173,-0.29412,2.2745,0.019608,30.843
173.2,-0.68627,2.902,-0.37255,30.922
173.4,-0.84314,2.2745,-0.45098,30.765
173.6,-0.92157,1.9608,-0.60784,31
173.8,-0.84314,2.5882,-0.52941,30.843
174,-1,2.2745,-0.60784,30.922
174.2,-0.92157,2.2745,-0.68627,30.922
174.4,-1,1.9608,-0.60784,30.843
174.6,-1,2.2745,-0.29412,31.627
174.8,-0.52941,1.9608,-0.37255,31
175,-0.45098,1.6471,-0.29412,31
175.2,-0.29412,2.2745,0.019608,31.078
175.4,-0.21569,2.5882,-0.13725,30.922
175.6,-0.13725,2.2745,-0.13725,30.922
175.8,-0.058824,2.2745,0.17647,30.843
176,0.33333,2.5882,0.2549,31
176.2,0.2549,2.2745,0.33333,30.922
176.4,0.41176,2.5882,0.33333,30.843
176.6,0.64706,2.2745,0.33333,31
176.8,0.4902,2.2745,0.41176,31
177,0.41176,1.6471,0.4902,31
177.2,0.17647,1.6471,0.2549,30.922
177.4,0.4902,1.9608,0.41176,30.843
177.6,0.41176,3.2157,0.41176,30.922
177.8,0.4902,2.2745,0.56863,31.078
178,0.4902,2.2745,0.4902,31
178.2,0.4902,2.5882,0.41176,31
178.4,0.64706,1.9608,0.4902,31.078
178.6,0.17647,2.902,0.2549,31.078
178.8,0.33333,1.9608,0.33333,30.686
179,0.33333,2.2745,0.41176,30.843
179.2,-0.21569,1.9608,-0.058824,31.078
179.4,-0.13725,1.6471,0.019608,30.922
179.6,-0.13725,2.5882,-0.13725,30.843
179.8,0.2549,1.9608,0.2549,31.078
180,0.098039,1.9608,0.17647,31
180.2,-0.058824,2.2745,0.098039,30.922
180.4,-0.13725,2.5882,-0.058824,31.078
180.6,0.019608,1.9608,0.019608,31
180.8,-0.13725,2.5882,0.019608,30.922
181,0.098039,2.5882,0.17647,31
181.2,0.098039,1.6471,0.019608,30.922
181.4,0.098039,1.9608,0.098039,31
181.6,0.17647,1.9608,0.2549,30.843
181.8,-0.13725,2.5882,-0.058824,31
182,0.17647,2.5882,0.2549,31.078
182.2,0.2549,2.2745,0.17647,31
182.4,0.17647,2.2745,0.17647,30.922
182.6,-0.37255,2.902,-0.29412,31
182.8,-0.13725,2.5882,-0.13725,31
183,-0.45098,1.9608,-0.45098,30.922
183.2,-0.21569,2.5882,-0.37255,30.922
183.4,-0.45098,2.902,-0.13725,31.078
183.6,-0.29412,2.902,-0.21569,31
183.8,-0.29412,2.902,-0.13725,31
184,-0.37255,1.6471,-0.37255,31
184.2,-0.29412,2.5882,-0.13725,30.765
184.4,-0.68627,1.6471,-0.60784,31.157
184.6,-0.52941,2.902,-0.29412,30.922
184.8,-0.45098,2.902,-0.45098,30.765
185,-0.21569,2.2745,-0.45098,30.922
185.2,-0.13725,1.9608,-0.29412,30.843
185.4,0.019608,2.2745,-0.058824,30.922
185.6,0.2549,2.902,0.098039,30.843
185.8,0.098039,2.5882,0.17647,31
186,0.80392,2.902,0.33333,31
186.2,0.96078,2.5882,0.56863,31
186.4,0.80392,1.6471,0.4902,31
186.6,1.1176,2.5882,0.56863,30.922
186.8,1.1176,2.2745,0.64706,30.922
187,1.1176,1.9608,0.64706,30.922
187.2,1.1961,1.9608,0.72549,30.922
187.4,0.80392,2.2745,0.56863,31
187.6,0.80392,2.5882,0.41176,31
187.8,1.1961,2.5882,0.64706,30.922
188,0.72549,2.902,0.56863,31
188.2,0.88235,1.9608,0.56863,31
188.4,0.4902,1.9608,0.33333,31
188.6,0.098039,1.9608,0.098039,30.922
188.8,0.17647,1.6471,0.17647,31
189,-0.058824,2.2745,-0.13725,30.843
189.2,0.2549,2.5882,0.17647,30.765
189.4,0.33333,2.5882,0.2549,31
189.6,0.019608,1.6471,0.019608,30.922
189.8,0.2549,1.9608,0.2549,31
190,0.098039,1.9608,0.17647,31
190.2,0.2549,1.9608,0.019608,30.922
190.4,0.17647,2.5882,0.098039,31
190.6,-0.058824,1.9608,-0.13725,31
190.8,-0.76471,2.2745,-0.52941,31
191,-0.84314,2.5882,-0.37255,31.078
191.2,-0.37255,2.2745,-0.21569,30.922
191.4,-0.52941,1.9608,-0.21569,30.843
191.6,-0.37255,1.9608,-0.21569,31.078
191.8,-0.84314,2.5882,-0.60784,30.843
192,-0.60784,2.5882,-0.37255,30.922
192.2,-1.0784,2.2745,-0.45098,30.922
192.4,-1,2.5882,-0.60784,30.922
192.6,-0.84314,1.9608,-0.37255,31
192.8,-0.84314,2.2745,-0.52941,30.922
193,-0.52941,1.6471,-0.29412,30.922
193.2,-0.29412,1.9608,-0.21569,31
193.4,-0.21569,2.2745,-0.058824,30.922
193.6,-0.13725,1.9608,-0.058824,30.843
193.8,-0.13725,2.5882,0.019608,31
194,0.098039,2.2745,0.2549,30.843
194.2,0.17647,2.2745,0.2549,31
194.4,0.098039,1.9608,0.2549,30.922
194.6,0.4902,2.2745,0.4902,31
194.8,0.33333,2.2745,0.2549,31.078
195,0.72549,1.6471,0.56863,31
195.2,0.33333,2.5882,0.33333,30.843
195.4,0.72549,1.9608,0.56863,31
195.6,0.17647,2.5882,0.2549,30.765
195.8,0.4902,1.6471,0.4902,31.078
196,0.4902,2.2745,0.41176,30.922
196.2,0.56863,2.2745,0.41176,31
196.4,0.019608,2.902,0.098039,30.843
196.6,0.33333,2.5882,0.33333,30.843
196.8,0.17647,2.902,0.17647,30.843
197,0.33333,3.2157,0.2549,30.843
197.2,0.17647,3.5294,0.33333,31.784
197.4,0.17647,2.902,0.33333,30.843
197.6,0.17647,2.902,0.098039,30.922
197.8,-0.058824,2.2745,0.098039,30.922
198,0.098039,3.2157,0.098039,31.078
198.2,0.098039,2.5882,0.2549,31
198.4,0.17647,2.2745,0.2549,30.843
198.6,0.2549,2.2745,0.098039,30.922
198.8,-0.21569,1.9608,-0.058824,30.843
199,0.098039,1.9608,0.098039,31
199.2,-0.058824,2.2745,0.098039,31
199.4,0.17647,2.2745,0.019608,30.765
199.6,-0.13725,1.6471,-0.058824,30.922
199.8,-0.13725,2.2745,-0.21569,30.843
200,-0.13725,1.9608,-0.058824,31
200.2,0.33333,2.2745,0.098039,30.922
200.4,0.019608,1.9608,0.098039,30.922
200.6,-0.058824,2.2745,0.019608,30.843
200.8,-0.13725,1.6471,-0.21569,30.843
201,-0.13725,2.902,-0.21569,31.157
201.2,-0.52941,1.6471,-0.21569,31.157
201.4,-0.29412,1.9608,-0.29412,31.078
201.6,-0.37255,2.2745,-0.37255,30.922
201.8,-0.52941,1.9608,-0.37255,31.078
202,-0.058824,2.5882,-0.29412,31.078
202.2,-0.21569,2.5882,-0.13725,31.157
202.4,-0.37255,2.2745,-0.45098,31
202.6,-0.52941,1.9608,-0.45098,31
202.8,-0.68627,1.9608,-0.60784,30.922
203,-0.60784,2.2745,-0.45098,30.843
203.2,-0.21569,2.2745,-0.45098,30.922
203.4,-0.45098,1.6471,-0.29412,31.078
203.6,-0.68627,2.2745,-0.52941,30.922
203.8,-0.45098,2.2745,-0.52941,31
204,-0.21569,1.3333,-0.29412,30.843
204.2,-0.058824,1.6471,-0.21569,30.922
204.4,0.019608,2.2745,-0.058824,30.922
204.6,0.098039,1.6471,0.098039,31
204.8,0.2549,1.9608,0.019608,31.078
205,0.41176,2.2745,0.17647,30.765
205.2,0.72549,2.5882,0.2549,30.922
205.4,0.80392,2.2745,0.33333,30.922
205.6,0.64706,1.9608,0.41176,30.922
205.8,0.80392,1.9608,0.41176,31
206,0.80392,2.2745,0.41176,31
206.2,0.72549,2.5882,0.33333,31
206.4,0.88235,2.5882,0.64706,30.922
206.6,0.96078,2.5882,0.56863,31
206.8,1.1961,2.902,0.64706,30.686
207,1.0392,2.2745,0.4902,30.843
207.2,1.1961,1.9608,0.72549,30.922
207.4,1.1176,2.5882,0.64706,30.922
207.6,0.96078,2.5882,0.64706,30.922
207.8,1.1961,2.2745,0.56863,30.922
208,1.1176,1.9608,0.56863,31
208.2,1.0392,3.2157,0.72549,30.843
208.4,0.72549,2.2745,0.2549,31
208.6,0.72549,2.2745,0.33333,30.922
208.8,1.0392,2.902,0.64706,30.922
209,0.88235,2.2745,0.41176,31.078
209.2,1.1961,2.5882,0.56863,30.922
209.4,0.88235,2.902,0.4902,31
209.6,0.72549,1.9608,0.56863,30.843
209.8,0.72549,2.5882,0.41176,30.922
210,1.0392,2.2745,0.64706,31.392
210.2,0.72549,3.2157,0.4902,30.843
210.4,0.96078,1.9608,0.56863,30.765
210.6,0.72549,2.5882,0.4902,30.843
210.8,0.88235,2.5882,0.64706,30.843
211,0.56863,1.9608,0.33333,30.922
211.2,0.96078,1.6471,0.41176,30.843
211.4,0.56863,1.9608,0.33333,31
211.6,0.80392,2.2745,0.41176,31.078
211.8,0.80392,1.9608,0.56863,30.922
212,0.64706,2.2745,0.41176,30.765
212.2,0.64706,1.9608,0.2549,30.843
212.4,0.4902,2.2745,0.17647,30.843
212.6,0.4902,2.5882,0.33333,31
212.8,0.56863,1.9608,0.2549,30.843
213,0.4902,2.2745,0.33333,30.922
213.2,0.41176,1.9608,0.33333,30.922
213.4,0.2549,2.2745,-0.13725,31.157
213.6,0.2549,1.6471,0.17647,31.157
213.8,0.56863,1.6471,0.2549,31
214,0.33333,2.2745,0.019608,30.922
214.2,0.33333,1.9608,0.17647,31
214.4,0.64706,1.9608,0.33333,30.922
214.6,0.64706,2.5882,0.2549,31.078
214.8,0.56863,2.2745,0.41176,30.922
215,0.33333,1.6471,0.17647,30.843
215.2,0.2549,1.9608,0.17647,30.922
215.4,0.33333,2.5882,0.17647,30.922
215.6,0.41176,1.9608,0.098039,31
215.8,0.41176,2.2745,0.17647,31
216,0.4902,1.6471,0.17647,30.843
216.2,0.4902,1.9608,0.17647,31.078
216.4,0.2549,2.2745,0.098039,31.078
216.6,0.17647,1.9608,-0.058824,30.922
216.8,0.17647,2.5882,0.098039,31
217,0.33333,1.6471,0.019608,31
217.2,0.33333,1.6471,0.17647,31.078
217.4,-0.058824,2.2745,-0.13725,31
217.6,0.2549,1.9608,0.098039,30.843
217.8,0.17647,2.2745,0.2549,30.922
218,0.019608,2.2745,-0.058824,31
218.2,0.17647,1.9608,-0.058824,30.843
218.4,0.33333,2.2745,0.019608,30.922
218.6,0.17647,2.5882,0.17647,31
218.8,0.019608,2.2745,-0.058824,31
219,-0.13725,1.9608,0.019608,30.922
219.2,-0.13725,2.902,-0.058824,30.843
219.4,0.17647,2.2745,-0.058824,30.922
219.6,0.2549,1.9608,0.2549,31.078
219.8,0.33333,1.9608,0.019608,30.922
220,0.019608,1.9608,0.019608,30.843
220.2,0.098039,2.5882,0.098039,31.157
220.4,0.2549,2.5882,0.17647,30.922
220.6,-0.37255,2.2745,0.019608,30.922
220.8,-0.29412,2.902,-0.29412,30.765
221,-0.52941,2.902,-0.21569,31
221.2,-0.60784,2.5882,-0.52941,30.922
221.4,-0.76471,2.5882,-0.45098,31
221.6,-0.76471,2.2745,-0.45098,31
221.8,-0.45098,1.9608,-0.37255,30.922
222,-0.52941,2.2745,-0.21569,31.157
222.2,-0.45098,1.9608,-0.29412,30.843
222.4,-0.52941,2.5882,-0.29412,31.078
222.6,-0.68627,2.902,-0.37255,30.843
222.8,-0.68627,2.2745,-0.45098,31.157
223,-1.0784,3.2157,-0.76471,30.765
223.2,-0.84314,2.2745,-0.68627,31
223.4,-1.0784,1.9608,-0.60784,30.765
223.6,-0.92157,2.2745,-0.45098,30.922
223.8,-0.60784,2.5882,-0.52941,30.843
224,-0.45098,2.902,-0.21569,30.843
224.2,-0.45098,1.0196,-0.058824,30.922
224.4,-0.13725,2.2745,-0.058824,30.922
224.6,-0.13725,1.9608,0.098039,30.843
224.8,-0.058824,1.9608,-0.058824,31
225,0.2549,1.9608,0.33333,30.922
225.2,0.17647,2.2745,0.33333,30.843
225.4,0.41176,1.9608,0.56863,30.922
225.6,0.41176,1.6471,0.33333,31
225.8,0.019608,2.2745,0.17647,30.922
226,0.56863,1.3333,0.33333,31.078
226.2,0.64706,1.9608,0.4902,30.843
226.4,0.64706,1.9608,0.64706,31
226.6,0.56863,1.6471,0.56863,31
226.8,0.64706,1.9608,0.64706,30.922
227,0.56863,1.6471,0.56863,31
227.2,0.64706,1.6471,0.56863,31.157
227.4,0.33333,2.5882,0.33333,31
227.6,0.17647,2.5882,0.2549,31
227.8,0.4902,1.9608,0.2549,30.843
228,0.17647,2.2745,0.17647,31.078
228.2,0.098039,1.9608,0.098039,30.843
228.4,0.098039,2.2745,0.17647,30.843
228.6,0.098039,1.9608,0.098039,30.922
228.8,-0.21569,1.9608,-0.21569,31.078
229,-0.37255,2.2745,-0.13725,30.922
229.2,-0.058824,2.2745,0.098039,30.765
229.4,-0.13725,2.5882,-0.058824,31.078
229.6,-0.13725,2.5882,0.17647,31
229.8,0.019608,1.6471,0.098039,31
230,0.17647,2.2745,0.098039,31.078
230.2,0.019608,1.9608,0.17647,30.922
230.4,-0.058824,2.5882,0.019608,30.922
230.6,0.019608,1.9608,0.17647,31.078
230.8,0.098039,1.9608,0.098039,30.765
231,0.098039,2.5882,0.17647,30.922
231.2,-0.058824,2.2745,0.2549,30.922
231.4,0.098039,2.2745,0.17647,31.078
231.6,0.019608,2.5882,-0.058824,30.922
231.8,-0.13725,1.6471,-0.058824,30.922
232,-0.45098,1.9608,-0.37255,30.922
232.2,-0.29412,2.2745,-0.21569,31
232.4,-0.37255,1.9608,-0.37255,30.922
232.6,-0.21569,2.902,-0.21569,30.922
232.8,-0.21569,1.9608,-0.13725,30.922
233,-0.37255,2.5882,-0.21569,30.765
233.2,-0.21569,2.2745,-0.29412,30.843
233.4,-0.37255,1.9608,-0.37255,30.843
233.6,-0.37255,2.2745,-0.29412,31.078
233.8,-0.37255,1.6471,-0.29412,31.078
234,-0.45098,2.2745,-0.45098,31
234.2,-0.37255,2.5882,-0.37255,30.922
234.4,-0.68627,3.2157,-0.45098,31.078
234.6,-0.68627,1.9608,-0.45098,30.922
234.8,-0.52941,2.5882,-0.52941,31
235,-0.45098,1.9608,-0.45098,30.922
235.2,-0.29412,2.5882,-0.37255,30.922
235.4,-0.29412,2.5882,-0.21569,30.922
235.6,-0.37255,2.902,-0.21569,31.078
235.8,-0.29412,1.6471,-0.29412,31.471
236,-0.37255,2.902,-0.29412,30.922
236.2,-0.21569,2.5882,-0.29412,31
236.4,-0.13725,2.5882,-0.37255,30.686
236.6,-0.13725,2.5882,-0.058824,30.922
236.8,0.17647,1.9608,-0.058824,30.843
237,0.17647,1.6471,0.019608,30.922
237.2,0.2549,2.2745,0.019608,30.843
237.4,0.17647,1.9608,0.019608,30.686
237.6,0.17647,1.3333,0.019608,30.765
237.8,0.17647,2.902,-0.058824,31
238,0.33333,2.2745,0.098039,30.843
238.2,0.41176,2.5882,0.098039,30.843
238.4,0.2549,1.9608,0.17647,30.922
238.6,0.33333,1.9608,0.2549,31
238.8,0.56863,2.2745,0.33333,31
239,0.72549,2.2745,0.4902,30.843
239.2,0.80392,2.5882,0.33333,31.157
239.4,0.56863,2.2745,0.2549,31
239.6,0.88235,2.2745,0.4902,30.922
239.8,0.80392,1.9608,0.33333,30.922
240,1.0392,1.3333,0.4902,31
240.2,1.1176,1.9608,0.4902,30.922
240.4,0.56863,1.6471,0.41176,31
240.6,0.80392,1.9608,0.4902,31
240.8,0.96078,2.5882,0.4902,30.843
241,0.72549,2.2745,0.2549,31
241.2,0.72549,2.2745,0.2549,31
241.4,0.88235,2.902,0.4902,30.843
241.6,0.80392,1.9608,0.41176,31
241.8,1.0392,2.2745,0.64706,31.078
242,1.0392,1.9608,0.56863,31.157
242.2,0.96078,2.2745,0.72549,31
242.4,1.1176,2.2745,0.64706,31
242.6,1.1961,2.5882,0.80392,30.922
242.8,1.2745,1.9608,0.72549,30.922
243,1.2745,1.9608,0.80392,31
243.2,0.96078,1.9608,0.56863,30.843
243.4,1.1176,2.2745,0.72549,31
243.6,0.96078,2.902,0.4902,31
243.8,1.1176,2.5882,0.56863,30.922
244,0.72549,2.5882,0.33333,31
244.2,0.96078,1.9608,0.41176,30.843
244.4,0.96078,2.902,0.4902,31
244.6,0.96078,2.5882,0.56863,31
244.8,1.2745,1.9608,0.64706,30.843
245,1.1176,2.2745,0.56863,30.922
245.2,0.80392,2.2745,0.4902,31.078
245.4,1.0392,2.5882,0.4902,30.765
245.6,0.96078,1.9608,0.56863,30.843
245.8,1.1961,2.2745,0.64706,30.922
246,0.96078,2.902,0.56863,31.078
246.2,0.88235,2.2745,0.4902,30.922
246.4,0.80392,2.5882,0.4902,30.843
246.6,0.80392,2.5882,0.56863,31
246.8,0.96078,1.9608,0.41176,30.922
247,0.64706,2.5882,0.41176,30.843
247.2,1.0392,1.9608,0.41176,30.922
247.4,0.72549,2.5882,0.33333,30.843
247.6,0.56863,2.5882,0.41176,31
247.8,0.80392,2.2745,0.41176,30.922
248,0.80392,2.5882,0.41176,30.922
248.2,0.72549,1.9608,0.41176,30.843
248.4,0.72549,3.2157,0.33333,30.843
248.6,0.64706,2.5882,0.2549,31.157
248.8,0.64706,1.9608,0.33333,30.765
249,0.72549,1.6471,0.33333,30.922
249.2,0.4902,3.2157,0.2549,30.843
249.4,0.72549,2.5882,0.41176,30.922
249.6,0.56863,2.5882,0.2549,30.843
249.8,0.56863,2.5882,0.2549,31.078
250,0.4902,1.6471,0.17647,30.922
250.2,0.64706,2.5882,0.17647,30.922
250.4,0.2549,1.9608,0.098039,30.922
250.6,0.4902,1.6471,0.41176,31
250.8,0.4902,1.9608,0.33333,30.922
251,0.098039,1.9608,0.098039,31.078
251.2,0.2549,1.9608,-0.058824,30.765
251.4,0.41176,1.9608,0.17647,30.922
251.6,0.41176,2.2745,0.2549,30.922
251.8,0.33333,2.902,0.17647,31
252,0.17647,2.2745,-0.13725,30.922
252.2,0.17647,2.2745,-0.058824,31.078
252.4,0.33333,2.2745,0.17647,30.922
252.6,0.41176,2.2745,0.098039,31.157
252.8,0.33333,2.2745,0.17647,30.843
253,0.2549,1.6471,0.019608,30.922
253.2,0.17647,1.6471,-0.058824,31
253.4,0.17647,1.9608,0.098039,31
253.6,0.17647,1.9608,0.019608,31
253.8,0.17647,1.6471,0.17647,31
254,0.2549,2.5882,0.2549,30.843
254.2,0.17647,1.9608,0.2549,30.765
254.4,0.17647,1.6471,0.098039,31
254.6,0.019608,2.2745,-0.058824,31
254.8,0.41176,2.902,0.098039,31
255,-0.058824,1.9608,0.019608,31.157
255.2,0.17647,2.2745,0.17647,30.922
255.4,0.019608,2.5882,0.098039,31
255.6,0.098039,2.2745,-0.058824,30.843
255.8,-0.21569,2.5882,-0.058824,31
256,-0.058824,1.6471,-0.13725,30.843
256.2,0.019608,2.5882,-0.058824,30.922
256.4,0.019608,2.2745,-0.058824,30.843
256.6,0.17647,2.2745,0.019608,30.843
256.8,0.019608,2.2745,0.019608,31.078
257,0.098039,2.2745,-0.058824,30.922
257.2,0.17647,1.9608,0.17647,31.078
257.4,0.33333,1.9608,0.2549,30.922
257.6,0.2549,1.6471,0.098039,31.078
257.8,-0.21569,2.2745,-0.13725,31.078
258,0.17647,1.9608,0.098039,30.922
258.2,0.17647,2.2745,0.019608,30.922
258.4,0.098039,1.9608,0.17647,30.765
258.6,0.17647,1.9608,0.019608,30.843
258.8,0.019608,1.9608,-0.13725,31.078
259,0.33333,2.2745,0.098039,31
259.2,0.098039,2.902,0.019608,30.922
259.4,0.33333,2.5882,0.17647,31.078
259.6,0.33333,2.902,0.019608,31
259.8,0.2549,2.2745,-0.058824,31
260,0.2549,2.5882,0.019608,31
260.2,0.019608,1.6471,0.019608,31
260.4,-0.058824,2.5882,-0.21569,31.078
260.6,0.019608,2.902,0.098039,30.922
260.8,-0.058824,2.5882,-0.13725,31.157
261,-0.058824,2.902,0.019608,30.922
261.2,-0.058824,2.5882,-0.13725,31.157
261.4,-0.37255,2.5882,-0.29412,32.176
261.6,-0.52941,2.5882,-0.29412,30.843
261.8,-0.52941,2.2745,-0.37255,30.922
262,-0.68627,2.2745,-0.60784,31
262.2,-0.68627,1.9608,-0.37255,30.843
262.4,-0.84314,2.5882,-0.45098,30.843
262.6,-0.60784,2.2745,-0.37255,30.922
262.8,-0.68627,2.2745,-0.52941,31
263,-0.52941,2.5882,-0.29412,30.922
263.2,-0.37255,1.6471,-0.21569,30.922
263.4,-0.37255,1.9608,-0.21569,30.922
263.6,-0.52941,2.5882,-0.37255,30.765
263.8,-0.21569,2.2745,-0.13725,30.922
264,-0.52941,2.902,-0.13725,30.843
264.2,-0.60784,1.9608,-0.37255,31
264.4,-0.52941,2.2745,-0.29412,30.922
264.6,-0.68627,2.2745,-0.45098,30.843
264.8,-0.52941,2.2745,-0.37255,31
265,-0.60784,1.9608,-0.37255,30.922
265.2,-0.68627,1.9608,-0.60784,31
265.4,-0.76471,1.6471,-0.37255,30.922
265.6,-1,2.5882,-0.52941,31.078
265.8,-1.0784,2.5882,-0.68627,31.078
266,-1,1.9608,-0.60784,30.922
266.2,-1,2.902,-0.45098,31
266.4,-1.0784,2.2745,-0.45098,30.922
266.6,-0.92157,1.9608,-0.60784,30.922
266.8,-1.0784,1.9608,-0.52941,30.843
267,-0.76471,2.2745,-0.45098,30.922
267.2,-0.84314,1.6471,-0.37255,30.922
267.4,-0.45098,1.6471,-0.37255,30.922
267.6,-0.45098,1.9608,-0.13725,30.922
267.8,-0.21569,1.9608,0.019608,30.922
268,-0.21569,2.2745,0.098039,31
268.2,-0.058824,1.9608,-0.058824,30.843
268.4,-0.058824,2.902,-0.058824,31
268.6,-0.21569,2.5882,-0.13725,31.078
268.8,0.098039,1.9608,0.2549,31.078
269,0.17647,1.9608,0.33333,31
269.2,0.17647,1.9608,0.17647,30.843
269.4,0.17647,1.6471,0.33333,31
269.6,0.4902,2.2745,0.41176,30.843
269.8,0.41176,2.2745,0.41176,30.843
270,0.33333,2.2745,0.41176,30.922
270.2,0.56863,2.902,0.4902,30.922
270.4,0.64706,1.9608,0.64706,30.922
270.6,0.4902,1.9608,0.41176,30.922
270.8,0.56863,1.9608,0.56863,31
271,0.33333,1.9608,0.41176,31.157
271.2,0.64706,2.2745,0.56863,30.843
271.4,0.64706,2.2745,0.41176,30.922
271.6,0.2549,2.2745,0.33333,31
271.8,0.56863,1.6471,0.33333,30.922
272,0.098039,1.9608,0.41176,31
272.2,0.019608,2.2745,-0.058824,31
272.4,0.019608,2.902,0.2549,31.078
272.6,0.098039,2.2745,0.2549,31.078
272.8,0.098039,2.5882,0.2549,31
273,0.098039,1.9608,0.098039,30.843
273.2,-0.21569,1.9608,-0.13725,31
273.4,-0.058824,2.5882,-0.058824,31.157
273.6,-0.13725,2.2745,0.098039,30.922
273.8,-0.13725,2.902,0.019608,31
274,-0.21569,2.2745,0.019608,30.843
274.2,0.33333,2.2745,0.098039,30.686
274.4,-0.29412,2.2745,0.019608,30.922
274.6,0.17647,2.2745,0.17647,30.843
274.8,0.098039,1.9608,0.17647,31
275,-0.21569,1.6471,-0.13725,30.765
275.2,-0.058824,1.9608,0.019608,30.922
275.4,0.019608,2.902,-0.13725,31
275.6,0.2549,2.2745,0.2549,30.922
275.8,0.019608,1.6471,0.019608,30.922
276,-0.21569,1.9608,-0.058824,30.843
276.2,-0.13725,1.9608,-0.058824,30.922
276.4,-0.29412,1.9608,-0.13725,31
276.6,-0.21569,1.6471,-0.13725,31
276.8,-0.29412,2.2745,-0.29412,30.922
277,-0.37255,2.2745,-0.37255,30.922
277.2,0.019608,2.2745,-0.21569,30.843
277.4,-0.37255,2.2745,-0.45098,31
277.6,-0.45098,1.9608,-0.52941,30.922
277.8,-0.37255,1.9608,-0.29412,30.843
278,-0.29412,1.6471,-0.45098,31
278.2,-0.37255,2.2745,-0.37255,31.078
278.4,-0.60784,1.9608,-0.68627,30.922
278.6,-0.37255,1.6471,-0.45098,30.922
278.8,-0.68627,1.9608,-0.37255,30.843
279,-0.45098,1.6471,-0.37255,31
279.2,-0.29412,2.902,-0.45098,31
279.4,-0.21569,2.5882,-0.37255,31.078
279.6,-0.45098,1.6471,-0.60784,30.922
279.8,-0.45098,1.9608,-0.37255,30.922
280,-0.37255,1.9608,-0.45098,31.078
280.2,-0.29412,2.2745,-0.37255,30.922
280.4,0.019608,1.9608,-0.21569,30.922
280.6,0.019608,2.2745,-0.058824,30.843
280.8,0.098039,2.5882,0.019608,30.922
281,0.17647,1.9608,-0.13725,31
281.2,0.098039,1.9608,-0.058824,30.843
281.4,0.2549,2.5882,-0.058824,30.843
281.6,0.17647,2.2745,0.019608,30.843
281.8,0.098039,1.9608,0.098039,31
282,0.33333,1.9608,-0.058824,30.922
282.2,0.41176,2.2745,0.098039,31.157
282.4,0.41176,1.9608,-0.058824,30.922
282.6,0.41176,1.6471,-0.058824,31
282.8,0.41176,1.9608,0.098039,30.922
283,0.33333,1.9608,0.019608,31.078
283.2,0.4902,1.9608,0.019608,31
283.4,0.41176,1.9608,0.019608,31.078
283.6,0.4902,2.5882,0.17647,31
283.8,0.2549,1.6471,0.17647,31.157
284,0.2549,1.9608,0.17647,30.922
284.2,0.33333,1.9608,0.17647,30.843
284.4,0.41176,1.9608,0.17647,30.922
284.6,0.41176,1.9608,0.17647,30.922
284.8,0.56863,1.9608,0.2549,31.157
285,0.4902,1.9608,0.2549,31
285.2,0.56863,2.5882,0.2549,30.922
285.4,0.56863,2.5882,0.41176,30.922
285.6,0.4902,2.2745,0.098039,30.843
285.8,0.56863,1.9608,0.33333,30.922
286,0.56863,1.6471,0.17647,30.843
286.2,0.56863,1.9608,0.33333,31.078
286.4,0.64706,1.9608,0.2549,30.922
286.6,0.72549,2.2745,0.33333,30.843
286.8,0.56863,2.5882,0.33333,31
287,0.72549,3.2157,0.33333,31.157
287.2,0.64706,3.2157,0.41176,30.922
287.4,0.72549,3.2157,0.33333,30.922
287.6,0.72549,2.2745,0.4902,30.765
287.8,0.72549,1.9608,0.33333,30.922
288,0.96078,1.9608,0.4902,30.843
288.2,0.88235,1.9608,0.56863,30.922
288.4,1.0392,1.9608,0.56863,30.765
288.6,0.80392,2.5882,0.4902,31
288.8,0.88235,1.9608,0.4902,30.765
289,0.80392,2.902,0.33333,30.765
289.2,1.0392,1.9608,0.64706,30.922
289.4,1.0392,3.2157,0.56863,30.843
289.6,0.80392,2.2745,0.33333,31.078
289.8,0.80392,1.6471,0.33333,31
290,0.88235,2.2745,0.4902,30.843
290.2,0.4902,2.2745,0.17647,31.157
290.4,0.80392,2.2745,0.56863,31.078
290.6,0.88235,2.2745,0.41176,31.157
290.8,0.96078,2.2745,0.56863,31
291,1.1176,1.9608,0.4902,31.078
291.2,1.1176,2.2745,0.56863,30.922
291.4,1.0392,2.2745,0.56863,31.157
291.6,0.96078,2.902,0.56863,31
291.8,1.1176,1.6471,0.56863,31.078
292,1.0392,1.6471,0.4902,31.157
292.2,1.3529,1.6471,0.56863,31
292.4,1.1176,2.2745,0.64706,30.922
292.6,1.1176,1.6471,0.56863,31.078
292.8,1.1961,1.9608,0.72549,30.843
293,1.0392,1.9608,0.56863,31
293.2,1.1176,2.902,0.72549,30.922
293.4,1.0392,1.6471,0.41176,30.765
293.6,1.1176,1.9608,0.56863,31
293.8,0.88235,2.2745,0.56863,31
294,0.88235,2.2745,0.41176,31
294.2,0.96078,2.2745,0.33333,31
294.4,0.80392,2.2745,0.33333,31.078
294.6,0.72549,2.2745,0.4902,31
294.8,0.64706,2.2745,0.41176,30.843
295,0.64706,3.2157,0.2549,31.078
295.2,0.41176,2.2745,0.2549,31.078
295.4,0.72549,1.9608,0.33333,30.922
295.6,0.2549,1.6471,0.17647,31.078
295.8,0.17647,2.2745,-0.13725,31
296,0.2549,2.2745,0.098039,30.922
296.2,0.41176,2.5882,0.17647,30.922
296.4,0.41176,2.902,0.2549,30.922
296.6,0.41176,2.5882,0.17647,31.078
296.8,0.17647,1.6471,0.098039,30.922
297,0.098039,1.9608,0.019608,30.922
297.2,0.33333,1.6471,0.098039,31
297.4,0.019608,1.9608,0.019608,31
297.6,0.098039,2.2745,0.098039,30.922
297.8,0.019608,2.5882,-0.13725,30.843
298,0.2549,2.5882,0.098039,31.078
298.2,0.019608,2.2745,-0.13725,31
298.4,0.2549,2.2745,0.098039,30.922
298.6,0.098039,2.902,0.019608,31
298.8,0.019608,2.5882,0.098039,30.922
299,0.019608,1.6471,0.019608,30.765
299.2,0.098039,1.9608,-0.058824,30.922
299.4,0.098039,1.6471,0.019608,30.922
299.6,0.41176,2.2745,0.17647,31
299.8,0.2549,2.5882,0.17647,30.608
300,-0.058824,3.2157,-0.058824,31.078
300.2,-0.058824,2.5882,-0.058824,30.922
300.4,0.019608,2.902,0.019608,30.843
300.6,-0.058824,1.9608,0.098039,31
300.8,0.098039,2.2745,0.019608,31
301,0.41176,2.2745,0.17647,30.686
301.2,0.41176,2.2745,0.33333,31
301.4,0.4902,1.9608,0.17647,30.922
301.6,0.41176,2.2745,0.17647,30.843
301.8,0.17647,1.9608,0.17647,31
302,0.17647,2.2745,0.2549,31
302.2,0.2549,1.9608,0.098039,30.843
302.4,0.098039,2.2745,-0.058824,31
302.6,-0.058824,1.9608,-0.13725,31.078
302.8,0.098039,2.5882,0.17647,31.078
303,0.17647,2.5882,0.17647,30.686
303.2,0.019608,1.9608,0.019608,31.078
303.4,0.098039,3.2157,0.019608,30.922
303.6,0.33333,1.6471,0.2549,31
303.8,0.17647,2.2745,0.098039,31.235
304,0.17647,1.6471,0.098039,31
304.2,0.2549,1.9608,0.17647,31
304.4,0.098039,2.2745,0.098039,31.078
304.6,-0.058824,2.902,-0.13725,30.922
304.8,0.098039,2.5882,0.019608,30.922
305,0.098039,2.2745,0.098039,31
305.2,0.2549,2.902,0.2549,30.922
305.4,0.098039,2.2745,0.019608,31
305.6,0.17647,1.9608,-0.058824,30.843
305.8,-0.13725,2.902,-0.058824,31
306,0.019608,1.9608,-0.058824,31
306.2,0.019608,1.9608,-0.058824,30.922
306.4,0.098039,2.2745,0.019608,30.922
306.6,0.2549,2.2745,0.098039,31
306.8,-0.058824,2.5882,-0.058824,31
307,0.33333,2.5882,0.17647,30.922
307.2,0.33333,1.6471,0.098039,30.922
307.4,0.2549,2.2745,0.098039,31.078
307.6,0.17647,2.2745,0.2549,31
307.8,0.019608,2.2745,0.019608,31.078
308,0.41176,2.5882,0.17647,30.843
308.2,0.33333,2.5882,0.17647,30.922
308.4,0.2549,2.2745,0.098039,30.922
308.6,0.33333,1.6471,0.2549,31
308.8,0.019608,1.9608,-0.058824,31.078
309,0.098039,1.9608,-0.13725,30.843
309.2,0.41176,1.6471,0.17647,31.078
309.4,0.17647,2.902,0.019608,31.235
309.6,0.4902,2.2745,0.17647,31.078
309.8,0.17647,2.902,0.17647,30.922
310,0.2549,1.6471,0.098039,31
310.2,0.64706,2.2745,0.41176,31
310.4,0.64706,1.6471,0.2549,30.922
310.6,0.64706,2.2745,0.33333,30.922
310.8,0.72549,2.2745,0.33333,31
311,0.88235,1.9608,0.64706,30.922
311.2,0.88235,3.2157,0.4902,31
311.4,1.0392,2.902,0.4902,31.078
311.6,1.0392,2.5882,0.4902,31
311.8,0.88235,2.5882,0.4902,30.843
312,1.0392,2.2745,0.64706,30.922
312.2,1.1961,2.2745,0.64706,31.078
312.4,1.0392,2.5882,0.64706,30.922
312.6,0.96078,2.902,0.56863,31.157
312.8,1.4314,2.2745,0.88235,33.745
313,0.88235,2.5882,0.56863,30.922
313.2,1.1961,2.5882,0.56863,30.922
313.4,1.1961,1.9608,0.72549,31
313.6,1.3529,1.9608,0.72549,31
313.8,1.0392,2.902,0.64706,30.843
314,1.2745,3.2157,0.72549,30.843
314.2,1.1961,1.9608,0.56863,30.922
314.4,1.2745,1.9608,0.72549,30.922
314.6,0.88235,1.6471,0.56863,31
314.8,1.1176,1.9608,0.72549,31
315,1.1176,2.5882,0.64706,31.078
315.2,0.56863,1.9608,0.41176,30.843
315.4,0.96078,2.2745,0.41176,31.078
315.6,0.80392,2.2745,0.56863,30.922
315.8,0.72549,1.9608,0.4902,31
316,0.64706,1.9608,0.2549,30.922
316.2,0.64706,2.5882,0.33333,30.922
316.4,0.56863,1.9608,0.2549,31
316.6,0.2549,2.2745,0.098039,31
316.8,0.17647,2.2745,0.17647,30.922
317,0.33333,1.9608,0.098039,31.078
317.2,0.33333,2.2745,-0.058824,31
317.4,0.2549,2.2745,0.098039,31.078
317.6,0.2549,2.2745,0.019608,31
317.8,0.019608,2.2745,-0.058824,31.157
318,-0.058824,1.9608,-0.21569,30.922
318.2,-0.29412,1.9608,-0.29412,30.922
318.4,-0.37255,2.902,-0.29412,31
318.6,-0.29412,2.2745,-0.37255,31
318.8,-0.45098,2.902,-0.37255,31
319,-0.37255,2.5882,-0.37255,30.922
319.2,-0.37255,1.6471,-0.52941,31.235
319.4,-0.37255,2.5882,-0.52941,31
319.6,-0.52941,1.9608,-0.45098,30.922
319.8,-0.29412,1.6471,-0.37255,31
320,-0.45098,1.9608,-0.37255,30.922
320.2,-0.45098,2.2745,-0.45098,31
320.4,-0.45098,2.2745,-0.52941,30.843
320.6,-0.45098,2.2745,-0.45098,31
320.8,-0.60784,2.2745,-0.45098,30.922
321,-0.60784,2.2745,-0.52941,31.078
321.2,-0.37255,2.2745,-0.37255,31.235
321.4,-0.21569,1.6471,-0.29412,31
321.6,-0.37255,1.9608,-0.29412,30.922
321.8,-0.45098,1.9608,-0.29412,30.843
322,-0.21569,1.9608,-0.37255,30.922
322.2,-0.45098,2.2745,-0.37255,31
322.4,-0.37255,1.9608,-0.21569,31.078
322.6,-0.21569,2.2745,-0.21569,30.922
322.8,-0.13725,1.9608,-0.29412,31
323,-0.37255,2.2745,-0.37255,31
323.2,-0.21569,1.9608,-0.29412,30.843
323.4,-0.37255,3.2157,-0.21569,31.078
323.6,-0.45098,2.5882,-0.37255,30.922
323.8,-0.45098,1.9608,-0.37255,31.078
324,-0.37255,1.9608,-0.37255,31
324.2,-0.76471,2.5882,-0.45098,30.922
324.4,-0.76471,2.2745,-0.45098,31.078
324.6,-0.60784,2.2745,-0.45098,31.157
324.8,-0.60784,2.5882,-0.45098,30.922
325,-0.37255,1.9608,-0.29412,30.922
325.2,-0.37255,2.2745,-0.37255,30.922
325.4,-0.29412,2.5882,-0.29412,30.922
325.6,-0.45098,2.5882,-0.52941,30.294
325.8,-0.21569,2.2745,-0.37255,30.843
326,-0.21569,2.902,-0.37255,30.843
326.2,-0.13725,2.5882,-0.37255,31.078
326.4,0.098039,2.5882,-0.058824,31
326.6,0.17647,2.5882,0.019608,30.765
326.8,0.2549,2.2745,0.17647,31
327,0.2549,2.2745,0.2549,31
327.2,0.4902,2.902,0.33333,30.922
327.4,0.64706,2.2745,0.41176,30.922
327.6,0.80392,2.2745,0.2549,30.922
327.8,0.72549,2.2745,0.41176,30.843
328,0.96078,1.6471,0.4902,30.922
328.2,1.1176,2.5882,0.56863,31
328.4,1.2745,1.9608,0.64706,30.922
328.6,0.80392,1.9608,0.56863,30.765
328.8,1.2745,2.902,0.72549,30.922
329,1.1176,2.902,0.64706,30.922
329.2,0.96078,2.5882,0.56863,30.922
329.4,1.1176,1.9608,0.64706,31
329.6,0.88235,2.2745,0.41176,31
329.8,0.96078,2.902,0.64706,31.078
330,0.72549,1.9608,0.2549,31
330.2,0.64706,1.9608,0.33333,30.922
330.4,0.56863,2.2745,0.4902,30.843
330.6,0.4902,1.9608,0.17647,30.922
330.8,0.098039,2.2745,-0.058824,31.078
331,0.019608,2.2745,-0.21569,30.843
331.2,0.17647,1.9608,-0.058824,31
331.4,0.098039,2.2745,-0.21569,30.922
331.6,0.33333,1.9608,0.098039,31.078
331.8,0.098039,2.902,0.019608,30.922
332,-0.058824,1.9608,-0.13725,30.843
332.2,0.019608,1.9608,0.098039,30.922
332.4,0.33333,2.2745,-0.058824,30.922
332.6,0.2549,2.5882,0.098039,30.843
332.8,0.33333,2.2745,0.2549,31
333,0.17647,1.9608,0.019608,30.843
333.2,0.17647,2.2745,0.019608,31.157
333.4,-0.13725,2.5882,-0.13725,31
333.6,-0.45098,1.9608,-0.37255,30.922
333.8,-0.60784,2.2745,-0.60784,30.922
334,-0.68627,1.9608,-0.45098,31
334.2,-0.68627,1.9608,-0.45098,30.843
334.4,-0.68627,2.5882,-0.29412,30.922
334.6,-0.84314,1.9608,-0.52941,30.843
334.8,-0.37255,2.5882,-0.13725,30.922
335,-0.29412,2.902,-0.37255,30.922
335.2,-0.45098,2.2745,-0.29412,30.922
335.4,-0.37255,3.2157,-0.37255,30.922
335.6,-0.45098,2.5882,-0.29412,31
335.8,-0.84314,2.5882,-0.68627,31
336,-0.76471,1.9608,-0.45098,30.922
336.2,-0.76471,1.9608,-0.52941,31.078
336.4,-1,2.902,-0.52941,31
336.6,-1,2.2745,-0.45098,30.922
336.8,-0.92157,2.2745,-0.68627,31.078
337,-1.0784,2.2745,-0.76471,30.922
337.2,-1.1569,2.5882,-0.60784,30.922
337.4,-0.76471,2.5882,-0.37255,30.843
337.6,-0.76471,1.9608,-0.60784,31
337.8,-0.84314,2.902,-0.52941,31
338,-0.45098,2.902,-0.37255,31
338.2,-0.45098,3.2157,-0.21569,31
338.4,-0.45098,2.5882,-0.29412,29.118
338.6,-0.45098,2.2745,-0.21569,30.922
338.8,-0.29412,1.9608,-0.29412,30.843
339,-0.21569,1.9608,0.019608,30.843
339.2,-0.21569,2.902,0.019608,30.843
339.4,-0.21569,2.5882,-0.058824,30.843
339.6,-0.21569,2.2745,0.019608,31
339.8,-0.29412,2.2745,-0.13725,30.922
340,-0.29412,1.6471,0.019608,30.843
340.2,-0.29412,1.9608,0.019608,30.922
340.4,-0.29412,2.902,-0.058824,31
340.6,-0.21569,2.2745,0.019608,30.922
340.8,-0.13725,2.2745,0.019608,31
341,0.098039,1.9608,0.17647,30.843
341.2,0.17647,2.2745,0.17647,31
341.4,0.019608,2.2745,0.2549,30.843
341.6,0.2549,2.5882,0.2549,30.922
341.8,0.098039,2.2745,0.098039,30.922
342,0.2549,1.9608,0.17647,30.843
342.2,0.33333,2.2745,0.2549,31.078
342.4,0.2549,1.3333,0.17647,30.922
342.6,0.098039,2.5882,0.2549,30.922
342.8,0.098039,1.9608,0.17647,31
343,0.2549,2.902,0.41176,30.922
343.2,0.2549,2.5882,0.33333,31.157
343.4,0.41176,2.2745,0.33333,30.922
343.6,0.2549,2.2745,0.4902,30.922
343.8,0.41176,2.2745,0.41176,31
344,0.33333,3.2157,0.17647,30.843
344.2,0.33333,2.2745,0.2549,31.078
344.4,0.56863,2.2745,0.41176,30.843
344.6,0.41176,2.2745,0.41176,31.078
344.8,0.2549,2.5882,0.33333,30.922
345,0.64706,2.5882,0.41176,31.078
345.2,0.4902,1.9608,0.41176,30.843
345.4,0.33333,2.2745,0.33333,31
345.6,0.41176,2.902,0.2549,31
345.8,0.4902,2.2745,0.33333,31.078
346,0.2549,2.2745,0.33333,30.922
346.2,0.4902,2.2745,0.56863,30.922
346.4,0.4902,1.6471,0.56863,31
346.6,0.41176,2.2745,0.33333,30.843
346.8,0.4902,2.5882,0.41176,30.922
347,0.33333,2.2745,0.33333,31
347.2,0.4902,1.9608,0.41176,30.843
347.4,0.2549,1.0196,0.33333,31.078
347.6,0.4902,1.9608,0.33333,30.922
347.8,0.41176,2.902,0.33333,31
348,0.64706,2.2745,0.4902,31
348.2,0.72549,2.902,0.4902,30.922
348.4,0.41176,2.902,0.4902,31.157
348.6,0.33333,1.9608,0.17647,31.078
348.8,0.41176,1.9608,0.4902,30.922
349,0.41176,2.2745,0.41176,31
349.2,0.33333,2.5882,0.33333,30.843
349.4,0.56863,2.5882,0.4902,31.078
349.6,0.2549,1.9608,0.2549,30.843
349.8,0.4902,2.2745,0.64706,31.078
350,0.41176,2.5882,0.41176,31.078
350.2,0.64706,1.9608,0.41176,31
350.4,0.4902,2.2745,0.41176,30.922
350.6,0.41176,2.5882,0.41176,31
350.8,0.72549,2.902,0.4902,30.843
351,0.56863,2.5882,0.4902,31.078
351.2,0.64706,2.2745,0.4902,32.176
351.4,0.56863,2.2745,0.4902,30.843
351.6,0.17647,2.2745,0.41176,30.922
351.8,0.33333,1.6471,0.56863,30.686
352,0.56863,2.902,0.56863,30.765
352.2,0.56863,2.5882,0.4902,31
352.4,0.64706,1.9608,0.56863,30.922
352.6,0.72549,1.9608,0.72549,30.843
352.8,0.64706,1.9608,0.56863,31
353,0.88235,2.2745,0.72549,31
353.2,0.72549,1.6471,0.56863,30.843
353.4,0.41176,2.2745,0.17647,30.843
353.6,0.64706,1.9608,0.56863,30.843
353.8,0.80392,2.2745,0.64706,31
354,0.33333,1.9608,0.41176,30.765
354.2,0.2549,2.2745,0.41176,31
354.4,0.4902,1.9608,0.41176,30.922
354.6,0.64706,2.2745,0.41176,30.922
354.8,0.56863,2.2745,0.64706,30.922
355,0.64706,1.6471,0.64706,30.922
355.2,0.4902,1.9608,0.56863,30.922
355.4,0.41176,2.2745,0.56863,31
355.6,0.41176,2.2745,0.41176,30.922
355.8,0.4902,2.2745,0.41176,30.922
356,0.64706,2.5882,0.64706,30.922
356.2,0.41176,2.902,0.4902,30.843
356.4,0.4902,1.9608,0.33333,30.922
356.6,0.72549,1.9608,0.4902,31.157
356.8,0.80392,1.6471,0.4902,30.922
357,0.56863,1.9608,0.4902,31.157
357.2,0.2549,2.2745,0.41176,31.078
357.4,0.4902,2.5882,0.4902,31.078
357.6,0.2549,1.9608,0.41176,30.922
357.8,0.2549,1.9608,0.41176,31
358,0.41176,2.2745,0.2549,31
358.2,0.56863,1.9608,0.4902,30.922
358.4,0.56863,2.2745,0.56863,31
358.6,0.4902,2.2745,0.4902,30.922
358.8,0.64706,2.5882,0.4902,30.843
359,0.4902,2.5882,0.33333,31
359.2,0.64706,1.9608,0.4902,30.922
359.4,0.33333,1.6471,0.41176,31
359.6,0.64706,1.9608,0.41176,31.078
359.8,0.41176,1.9608,0.41176,31
360,0.4902,2.2745,0.56863,30.922
360.2,0.4902,2.2745,0.41176,31
360.4,0.64706,2.2745,0.56863,30.843
360.6,0.56863,1.9608,0.41176,30.922
360.8,0.4902,2.5882,0.33333,30.922
361,0.56863,2.5882,0.4902,31.157
361.2,0.56863,2.2745,0.72549,30.765
361.4,0.41176,1.9608,0.41176,30.922
361.6,0.64706,1.9608,0.56863,30.843
361.8,0.56863,2.5882,0.4902,30.843
362,0.4902,2.2745,0.56863,30.843
362.2,0.17647,2.2745,0.41176,31
362.4,0.2549,1.9608,0.2549,30.922
362.6,0.72549,2.2745,0.56863,31.078
362.8,0.4902,1.9608,0.33333,31
363,0.4902,2.2745,0.33333,31.078
363.2,0.41176,2.5882,0.41176,30.843
363.4,0.17647,2.5882,0.41176,30.922
363.6,0.64706,2.2745,0.56863,31.157
363.8,0.72549,2.5882,0.56863,30.922
364,0.4902,2.5882,0.56863,30.451
364.2,0.41176,2.5882,0.41176,30.922
364.4,0.56863,2.2745,0.4902,30.843
364.6,0.4902,1.9608,0.41176,30.843
364.8,0.33333,2.902,0.2549,31
365,0.64706,2.902,0.56863,30.922
365.2,0.64706,2.5882,0.56863,30.843
365.4,0.56863,2.2745,0.4902,30.843
365.6,0.41176,2.902,0.56863,31
365.8,0.4902,1.9608,0.56863,31
366,0.33333,1.9608,0.33333,31
366.2,0.41176,1.9608,0.2549,31
366.4,0.2549,2.2745,0.33333,30.922
366.6,0.2549,2.2745,0.33333,30.765
366.8,0.17647,1.9608,0.2549,30.922
367,0.2549,2.5882,0.33333,30.765
367.2,0.2549,1.9608,0.17647,31.235
367.4,0.098039,1.9608,0.098039,30.843
367.6,0.17647,1.6471,0.098039,30.922
367.8,-0.058824,1.9608,0.2549,30.843
368,0.2549,1.9608,0.17647,30.922
368.2,0.098039,1.9608,0.2549,31
368.4,0.17647,2.5882,0.098039,30.922
368.6,0.019608,1.9608,0.019608,30.922
368.8,0.019608,2.2745,0.098039,30.922
369,0.2549,1.9608,0.098039,30.922
369.2,-0.29412,2.5882,-0.058824,30.922
369.4,-0.21569,2.2745,0.019608,30.922
369.6,-0.21569,2.5882,-0.058824,31.078
369.8,-0.13725,1.9608,0.019608,31
370,-0.21569,2.2745,-0.13725,31
370.2,-0.21569,1.9608,-0.21569,30.922
370.4,0.098039,2.2745,0.019608,31.078
370.6,0.098039,1.9608,0.17647,30.922
370.8,0.098039,2.5882,0.17647,31
371,-0.29412,2.2745,-0.21569,31
371.2,0.098039,1.9608,0.019608,30.843
371.4,-0.058824,2.902,0.019608,31.078
371.6,-0.13725,2.5882,-0.21569,31
371.8,0.17647,1.6471,0.019608,30.922
372,-0.058824,1.9608,-0.058824,30.922
372.2,0.019608,2.5882,0.098039,30.843
372.4,0.17647,1.9608,0.17647,30.922
372.6,0.17647,1.9608,0.17647,31
372.8,-0.21569,1.3333,0.098039,30.922
373,-0.13725,2.5882,-0.058824,31.078
373.2,0.098039,2.2745,0.2549,30.922
373.4,-0.13725,1.6471,-0.21569,31
373.6,0.2549,1.9608,0.2549,31.078
373.8,-0.21569,2.2745,-0.21569,31.078
374,-0.45098,1.9608,-0.29412,31
374.2,-0.29412,2.902,-0.21569,30.922
374.4,-0.21569,2.5882,-0.13725,30.843
374.6,-0.29412,2.2745,-0.29412,30.922
374.8,-0.45098,2.902,-0.37255,31.078
375,-0.37255,1.9608,-0.29412,31
375.2,-0.37255,2.2745,-0.45098,30.922
375.4,-0.29412,2.2745,-0.13725,30.843
375.6,-0.37255,1.6471,-0.45098,31
375.8,-0.37255,2.2745,-0.29412,30.843
376,-0.13725,1.9608,-0.13725,31.157
376.2,-0.52941,2.5882,-0.37255,31
376.4,-0.29412,2.902,-0.37255,30.843
376.6,-0.29412,2.2745,-0.29412,31.078
376.8,0.098039,2.2745,-0.13725,31.078
377,-0.29412,1.9608,-0.29412,30.922
377.2,-0.29412,1.9608,-0.21569,30.922
377.4,-0.45098,1.9608,-0.29412,30.765
377.6,-0.29412,1.9608,-0.29412,30.843
377.8,-0.29412,2.5882,-0.37255,30.922
378,-0.29412,2.5882,-0.21569,30.765
378.2,-0.29412,2.2745,-0.45098,30.922
378.4,-0.29412,2.2745,-0.21569,31.078
378.6,-0.13725,2.5882,-0.29412,30.922
378.8,-0.29412,2.2745,-0.45098,30.922
379,-0.21569,1.9608,-0.29412,30.843
379.2,-0.60784,1.6471,-0.52941,31
379.4,-0.37255,1.9608,-0.45098,30.686
379.6,-0.68627,1.9608,-0.52941,30.843
379.8,-0.37255,1.9608,-0.37255,30.922
380,-0.60784,1.9608,-0.60784,31.235
380.2,-0.37255,2.2745,-0.29412,30.843
380.4,-0.29412,1.9608,-0.37255,31
380.6,-0.45098,2.2745,-0.45098,30.922
380.8,-0.45098,2.5882,-0.45098,30.922
381,-0.52941,1.6471,-0.45098,30.843
381.2,-0.21569,1.6471,-0.29412,31.078
381.4,-0.21569,1.6471,-0.13725,30.843
381.6,0.019608,2.2745,-0.21569,31.078
381.8,0.019608,1.9608,-0.058824,31.078
382,0.17647,2.2745,0.019608,31.157
382.2,0.33333,2.5882,-0.058824,30.922
382.4,0.17647,2.5882,-0.058824,31
382.6,0.17647,1.6471,-0.058824,31.078
382.8,0.098039,1.6471,0.019608,30.922
383,0.41176,2.2745,0.098039,30.843
383.2,0.2549,1.9608,0.098039,30.922
383.4,0.4902,1.6471,0.019608,30.922
383.6,0.41176,1.9608,0.098039,30.922
383.8,0.56863,1.9608,0.33333,31
384,0.56863,1.9608,0.17647,30.843
384.2,0.80392,2.902,0.33333,31.078
384.4,0.56863,2.5882,0.17647,31
384.6,0.80392,1.9608,0.33333,30.922
384.8,0.56863,2.2745,0.33333,30.922
385,0.80392,1.6471,0.41176,30.922
385.2,0.72549,2.5882,0.33333,31
385.4,0.96078,2.5882,0.4902,30.922
385.6,0.72549,2.2745,0.33333,31.078
385.8,0.96078,2.2745,0.4902,30.922
386,0.88235,2.5882,0.4902,30.843
386.2,0.96078,2.2745,0.4902,31
386.4,1.2745,2.2745,0.56863,30.843
386.6,0.96078,1.9608,0.4902,31.078
386.8,1.1961,2.2745,0.64706,31.078
387,0.88235,2.902,0.4902,30.922
387.2,1.1961,2.5882,0.64706,30.922
387.4,1.1961,2.2745,0.64706,31
387.6,1.1961,2.5882,0.64706,30.922
387.8,0.96078,2.5882,0.41176,31.078
388,0.80392,1.6471,0.4902,30.843
388.2,1.0392,2.5882,0.64706,31.078
388.4,0.88235,2.5882,0.56863,30.922
388.6,0.96078,1.9608,0.4902,31
388.8,0.96078,2.902,0.64706,30.843
389,0.88235,2.902,0.4902,31
389.2,0.88235,2.5882,0.56863,30.922
389.4,0.80392,2.2745,0.41176,31
389.6,0.80392,2.5882,0.56863,30.843
389.8,0.72549,2.902,0.33333,31.078
390,0.4902,1.9608,0.33333,30.765
390.2,0.098039,2.2745,0.098039,30.922
390.4,0.2549,2.5882,0.17647,30.922
390.6,0.4902,1.9608,0.17647,30.765
390.8,0.4902,2.2745,0.2549,30.843
391,0.41176,2.902,0.2549,30.843
391.2,0.41176,2.2745,0.17647,30.922
391.4,0.2549,3.2157,0.17647,30.922
391.6,0.41176,1.6471,0.33333,30.922
391.8,0.33333,2.2745,0.098039,30.922
392,0.098039,2.2745,0.098039,30.922
392.2,0.33333,2.2745,0.17647,31
392.4,0.2549,1.9608,0.17647,30.843
392.6,0.019608,1.3333,-0.058824,31.078
392.8,0.019608,2.2745,-0.058824,30.686
393,0.2549,1.6471,0.098039,31
393.2,0.098039,2.2745,0.098039,30.922
393.4,0.17647,1.9608,0.098039,31
393.6,0.33333,2.902,0.2549,30.922
393.8,0.17647,1.6471,0.33333,31.157
394,0.33333,2.2745,0.2549,31.157
394.2,0.2549,2.902,0.098039,31.078
394.4,0.098039,1.9608,0.17647,30.922
394.6,0.17647,2.2745,0.098039,31.078
394.8,0.019608,2.902,0.17647,30.922
395,0.098039,1.3333,0.098039,30.843
395.2,0.17647,2.902,0.019608,31
395.4,-0.13725,1.9608,-0.13725,30.922
395.6,-0.058824,1.3333,0.019608,31
395.8,0.098039,2.5882,0.019608,31.078
396,-0.058824,2.5882,-0.058824,31.157
396.2,0.17647,2.2745,0.019608,30.922
396.4,-0.13725,2.5882,-0.21569,31
396.6,-0.21569,1.9608,-0.29412,30.922
396.8,-0.45098,2.5882,-0.058824,30.922
397,-0.52941,2.5882,-0.37255,30.922
397.2,-0.29412,2.2745,-0.13725,30.922
397.4,-0.68627,2.902,-0.52941,30.922
397.6,-0.68627,1.9608,-0.37255,30.922
397.8,-0.84314,2.2745,-0.52941,31
398,-0.68627,2.5882,-0.52941,30.843
398.2,-0.60784,1.9608,-0.45098,31
398.4,-0.76471,2.902,-0.45098,31
398.6,-0.60784,2.2745,-0.60784,31
398.8,-0.60784,2.5882,-0.37255,31
399,-0.52941,1.9608,-0.37255,31.078
399.2,-0.45098,2.2745,-0.29412,31.078
399.4,-0.29412,2.2745,-0.45098,31.078
399.6,-0.60784,1.9608,-0.45098,31
399.8,-0.60784,2.2745,-0.29412,30.922
400,-0.76471,2.2745,-0.52941,30.922
400.2,-0.68627,2.2745,-0.45098,31
400.4,-0.68627,2.2745,-0.45098,31.078
400.6,-0.37255,3.2157,-0.45098,31.078
400.8,-0.37255,2.5882,-0.13725,31
401,-0.52941,2.2745,-0.29412,30.843
401.2,-0.45098,1.6471,-0.45098,30.765
401.4,-0.37255,2.2745,-0.37255,30.922
401.6,-0.60784,2.5882,-0.21569,31
401.8,-0.37255,2.2745,-0.21569,31
402,-0.52941,2.902,-0.13725,31.157
402.2,-0.52941,1.9608,-0.29412,31.078
402.4,-0.68627,1.9608,-0.45098,31
402.6,-0.21569,1.9608,-0.058824,30.922
402.8,-0.60784,2.2745,-0.21569,31.706
403,-0.52941,1.9608,-0.13725,30.922
403.2,-0.60784,1.9608,-0.37255,30.922
403.4,-0.45098,1.9608,-0.21569,30.843
403.6,-0.21569,1.9608,-0.21569,30.843
403.8,-0.13725,1.3333,-0.21569,31
404,-0.21569,1.0196,-0.058824,30.843
404.2,-0.52941,1.0196,-0.058824,31
404.4,-0.52941,1.0196,-0.29412,30.922
404.6,-0.60784,1.0196,-0.29412,31.078
404.8,-0.52941,1.9608,-0.21569,31
405,-0.60784,1.3333,-0.29412,31.235
405.2,-0.52941,0.39216,-0.21569,31.157
405.4,-0.52941,0.39216,-0.29412,31
405.6,-0.45098,0.39216,-0.29412,31.157
405.8,-0.60784,0.70588,-0.29412,31
406,-0.76471,0.70588,-0.37255,31.157
406.2,-0.76471,0.39216,-0.45098,31.157
406.4,-0.92157,1.0196,-0.45098,31.157
406.6,-0.76471,1.3333,-0.37255,31.078
406.8,-0.52941,0.70588,-0.21569,31.078
407,-0.52941,2.2745,-0.45098,31
407.2,-0.52941,1.3333,-0.37255,30.922
407.4,-0.84314,1.6471,-0.45098,30.843
407.6,-0.68627,2.902,-0.45098,30.922
407.8,-1,3.2157,-0.60784,30.922
408,-0.92157,2.2745,-0.60784,31.078
408.2,-0.92157,3.2157,-0.52941,30.686
408.4,-0.76471,3.5294,-0.37255,29.98
408.6,-1,3.5294,-0.52941,29.824
408.8,-0.68627,2.902,-0.45098,29.824
409,-0.92157,3.2157,-0.60784,30.608
409.2,-1,2.2745,-0.37255,31.157
409.4,-0.68627,1.6471,-0.45098,31.157
409.6,-0.68627,1.9608,-0.29412,31
409.8,-0.92157,2.2745,-0.52941,31.078
410,-0.76471,1.9608,-0.45098,30.922
410.2,-0.84314,2.2745,-0.52941,31.078
410.4,-0.92157,2.5882,-0.45098,31
410.6,-1,1.9608,-0.60784,31
410.8,-0.68627,1.9608,-0.52941,30.843
411,-0.76471,1.9608,-0.45098,30.843
411.2,-0.76471,1.9608,-0.37255,30.922
411.4,-0.60784,2.5882,-0.52941,31.157
411.6,-0.84314,1.9608,-0.37255,30.765
411.8,-0.84314,2.5882,-0.45098,31
412,-0.92157,2.2745,-0.60784,31
412.2,-0.84314,2.902,-0.45098,31.078
412.4,-0.84314,2.5882,-0.45098,30.922
412.6,-1,2.5882,-0.45098,30.922
412.8,-0.76471,2.2745,-0.45098,30.922
413,-1.0784,2.902,-0.60784,30.843
413.2,-0.68627,2.902,-0.52941,30.843
413.4,-0.84314,2.902,-0.37255,30.922
413.6,-0.92157,2.902,-0.52941,31
413.8,-1,2.2745,-0.60784,31
414,-0.84314,3.2157,-0.52941,31
414.2,-1.1569,2.902,-0.68627,30.922
414.4,-1.0784,2.902,-0.52941,31
414.6,-0.84314,3.5294,-0.52941,31.078
414.8,-1,2.2745,-0.60784,30.843
415,-1,2.902,-0.68627,31
415.2,-0.60784,2.5882,-0.37255,31.235
415.4,-0.84314,2.902,-0.29412,30.843
415.6,-0.92157,2.902,-0.60784,30.922
415.8,-1,2.902,-0.45098,30.843
416,-1.0784,3.8431,-0.52941,30.843
416.2,-0.92157,2.5882,-0.60784,30.922
416.4,-0.92157,2.2745,-0.52941,30.765
416.6,-1,2.5882,-0.60784,31
416.8,-0.68627,3.2157,-0.52941,31
417,-0.76471,2.5882,-0.45098,30.922
417.2,-0.68627,2.5882,-0.45098,30.922
417.4,-0.60784,2.5882,-0.45098,30.922
417.6,-0.76471,2.902,-0.37255,30.843
417.8,-0.76471,3.2157,-0.52941,30.843
418,-0.84314,2.2745,-0.60784,30.843
418.2,-1.0784,2.902,-0.45098,30.843
418.4,-0.84314,2.5882,-0.52941,30.922
418.6,-0.92157,2.5882,-0.37255,30.765
418.8,-0.92157,2.2745,-0.45098,30.922
419,-0.92157,3.2157,-0.52941,31.157
419.2,-0.84314,2.2745,-0.52941,31
419.4,-0.84314,2.5882,-0.45098,30.843
419.6,-0.92157,2.2745,-0.52941,30.922
419.8,-1.1569,1.6471,-0.52941,30.843
420,-1.0784,2.2745,-0.60784,31
420.2,-1,2.5882,-0.52941,31
420.4,-1,1.9608,-0.60784,31.078
420.6,-0.76471,3.2157,-0.52941,30.922
420.8,-1.0784,3.2157,-0.68627,31.078
421,-0.92157,3.2157,-0.68627,31
421.2,-1,2.5882,-0.76471,31
421.4,-0.92157,2.902,-0.52941,30.922
421.6,-0.84314,2.5882,-0.52941,31.078
421.8,-0.84314,3.2157,-0.45098,30.765
422,-1,2.5882,-0.68627,30.922
422.2,-1,2.902,-0.60784,30.843
422.4,-0.92157,2.902,-0.60784,30.843
422.6,-0.84314,2.902,-0.52941,30.922
422.8,-0.92157,2.5882,-0.60784,30.922
423,-0.92157,2.2745,-0.45098,31.078
423.2,-0.84314,2.5882,-0.37255,30.922
423.4,-0.76471,2.902,-0.37255,31.078
423.6,-0.60784,2.902,-0.45098,30.922
423.8,-0.52941,2.5882,-0.29412,30.922
424,-0.45098,3.2157,-0.29412,31
424.2,-0.45098,2.902,-0.13725,30.922
424.4,-0.29412,3.2157,-0.21569,30.922
424.6,-0.45098,2.2745,0.019608,31
424.8,-0.21569,3.2157,0.019608,30.922
425,-0.29412,2.5882,0.019608,30.922
425.2,-0.13725,3.2157,-0.058824,30.922
425.4,-0.13725,2.902,0.098039,30.843
425.6,-0.29412,3.2157,-0.058824,30.843
425.8,-0.29412,2.5882,0.019608,30.922
426,-0.13725,3.2157,-0.13725,30.843
426.2,-0.29412,2.902,0.098039,31
426.4,-0.058824,2.902,-0.13725,31
426.6,0.019608,1.6471,0.019608,31.078
426.8,0.098039,3.2157,0.17647,30.922
427,0.41176,2.902,0.2549,31.078
427.2,0.2549,2.902,0.2549,30.765
427.4,0.41176,2.902,0.2549,30.765
427.6,0.4902,2.902,0.2549,30.922
427.8,0.64706,3.2157,0.33333,30.922
428,0.56863,2.5882,0.4902,32.176
428.2,0.17647,2.5882,0.2549,30.843
428.4,0.4902,3.2157,0.4902,31
428.6,0.72549,2.902,0.41176,30.765
428.8,0.4902,2.902,0.33333,30.843
429,0.72549,2.5882,0.56863,30.843
429.2,0.4902,3.2157,0.56863,30.843
429.4,0.80392,3.2157,0.56863,31
429.6,0.80392,2.5882,0.72549,30.843
429.8,0.88235,2.2745,0.64706,31
430,0.64706,2.902,0.4902,31
430.2,0.64706,2.902,0.56863,30.843
430.4,0.41176,1.9608,0.41176,30.843
430.6,0.33333,2.5882,0.33333,30.922
430.8,0.56863,2.2745,0.4902,30.843
431,0.64706,1.9608,0.41176,30.922
431.2,0.4902,2.2745,0.2549,30.843
431.4,0.019608,2.5882,0.098039,30.843
431.6,0.019608,2.5882,0.098039,31
431.8,-0.21569,3.2157,0.17647,30.843
432,0.098039,3.2157,0.17647,30.922
432.2,0.2549,2.902,0.098039,31.157
432.4,-0.29412,2.5882,0.17647,30.922
432.6,0.019608,2.5882,0.098039,30.843
432.8,0.019608,2.902,0.17647,31
433,0.019608,2.2745,0.098039,30.922
433.2,-0.058824,2.5882,-0.058824,30.922
433.4,0.098039,2.902,0.019608,31
433.6,-0.29412,2.5882,-0.21569,30.922
433.8,-0.13725,2.5882,-0.13725,30.765
434,-0.13725,2.902,-0.058824,30.922
434.2,-0.058824,2.2745,0.019608,31.078
434.4,0.019608,2.902,-0.13725,31
434.6,0.098039,2.902,0.019608,30.765
434.8,-0.058824,2.902,0.098039,31
435,-0.13725,3.2157,-0.058824,30.843
435.2,-0.13725,3.2157,-0.058824,30.686
435.4,-0.21569,3.5294,-0.29412,30.922
435.6,-0.13725,2.5882,-0.058824,30.608
435.8,0.098039,2.2745,0.098039,30.843
436,-0.058824,2.5882,0.098039,30.765
436.2,-0.21569,2.902,-0.058824,30.843
436.4,-0.13725,3.5294,-0.13725,30.765
436.6,-0.13725,2.5882,-0.13725,30.843
436.8,-0.058824,3.2157,0.019608,31
437,-0.13725,2.2745,-0.13725,30.843
437.2,-0.60784,2.5882,-0.45098,30.922
437.4,-0.37255,2.2745,-0.21569,31
437.6,-0.21569,3.5294,-0.13725,30.922
437.8,-0.29412,3.2157,-0.13725,30.922
438,-0.13725,3.2157,-0.21569,30.843
438.2,-0.37255,2.5882,-0.37255,30.922
438.4,-0.13725,2.2745,-0.13725,30.922
438.6,-0.13725,2.5882,-0.058824,30.922
438.8,-0.13725,3.2157,-0.29412,30.843
439,-0.21569,2.902,-0.21569,30.922
439.2,-0.45098,2.902,-0.45098,30.922
439.4,-0.37255,2.5882,-0.52941,31
439.6,-0.45098,2.5882,-0.60784,30.843
439.8,-0.68627,3.5294,-0.37255,30.843
440,-0.45098,2.2745,-0.45098,30.922
440.2,-0.60784,2.902,-0.45098,30.922
440.4,-0.52941,2.5882,-0.45098,31
440.6,-0.21569,3.8431,-0.29412,30.922
440.8,-0.37255,3.5294,-0.52941,30.922
441,-0.37255,2.902,-0.21569,30.922
441.2,-0.21569,2.5882,-0.37255,30.922
441.4,-0.058824,3.5294,-0.29412,30.765
441.6,0.098039,3.5294,-0.058824,30.843
441.8,0.17647,3.2157,0.019608,30.843
442,0.2549,3.2157,0.019608,30.843
442.2,0.17647,3.2157,-0.058824,30.843
442.4,0.2549,3.2157,0.17647,30.922
442.6,0.64706,2.5882,0.33333,30.765
442.8,0.88235,3.8431,0.4902,30.843
443,0.88235,3.5294,0.56863,30.843
443.2,0.56863,2.902,0.41176,30.922
443.4,0.88235,3.2157,0.4902,30.922
443.6,0.80392,3.2157,0.41176,31
443.8,1.0392,2.5882,0.56863,30.922
444,0.80392,2.902,0.4902,30.922
444.2,0.96078,2.5882,0.64706,31
444.4,0.96078,2.902,0.56863,31.471
444.6,1.3529,2.2745,0.64706,30.922
444.8,1.0392,2.902,0.64706,30.922
445,1.1961,2.5882,0.72549,30.922
445.2,1.1176,2.5882,0.56863,30.765
445.4,1.1176,2.902,0.72549,31
445.6,0.88235,3.5294,0.56863,30.843
445.8,0.80392,2.5882,0.4902,30.843
446,0.64706,1.9608,0.41176,31
446.2,0.80392,2.2745,0.56863,31
446.4,0.56863,2.5882,0.41176,30.843
446.6,0.4902,2.902,0.41176,30.843
446.8,0.72549,2.5882,0.41176,31
447,0.2549,2.902,0.098039,30.922
447.2,0.17647,2.902,0.17647,30.922
447.4,0.4902,2.5882,0.2549,31.078
447.6,0.41176,3.2157,0.33333,30.922
447.8,0.2549,2.5882,0.098039,31
448,0.098039,2.5882,-0.13725,30.843
448.2,0.019608,3.2157,0.098039,30.922
448.4,0.2549,2.2745,0.17647,30.843
448.6,0.41176,3.2157,0.17647,31
448.8,0.019608,3.2157,-0.13725,31.157
449,-0.058824,2.902,0.019608,31
449.2,-0.058824,2.902,-0.058824,30.922
449.4,0.2549,2.5882,0.098039,31
449.6,0.17647,2.5882,0.098039,31
449.8,0.41176,3.2157,0.17647,30.843
